{
  "cacheBootResources": true,
  "config": [ ],
  "debugBuild": false,
  "entryAssembly": "FakeUserDataGeneration",
  "icuDataMode": 0,
  "linkerEnabled": true,
  "resources": {
    "assembly": {
      "Bogus.dll": "sha256-IgFEwQyP1GQSj7cjhmsEcYuEABesDe9Y3oby2kbVnnc=",
      "CsvHelper.dll": "sha256-oh395MqwHOdv87ggl0L2cpWEDZZGFYe3CVUXnzSo8rY=",
      "FakeUserDataGeneration.dll": "sha256-ZDuzzcUqCVGKjyVRT+2\/ZjuJYNrLGHjb2KaCEWb7Jkg=",
      "Microsoft.AspNetCore.Components.dll": "sha256-CRf+SApaaOa2NGtJFb4OayKXLzM0TGLERpoSwrRaMGg=",
      "Microsoft.AspNetCore.Components.Web.dll": "sha256-YsflxK+HB0gzf9ekSXpCQjV1NqtFKiL2rH+wTPv61WY=",
      "Microsoft.AspNetCore.Components.WebAssembly.dll": "sha256-l5mKLUab1vQQkb5eRAfauRAVwngUS84BEv+Jz1eQuLY=",
      "Microsoft.CSharp.dll": "sha256-xnwVMYCTNeedPeXlcgU7qS7k18WE4FNs0eEoxaHe1is=",
      "Microsoft.Extensions.Configuration.Abstractions.dll": "sha256-Yd5HWoJ8z3pGHLdLRk56mDLrXa7AkXv9+C\/CdwnvOCk=",
      "Microsoft.Extensions.Configuration.dll": "sha256-qBPk1O\/mfd\/P9kDywnOU5wZ7vka6iecseJsfIp04HMY=",
      "Microsoft.Extensions.Configuration.Json.dll": "sha256-MbxbzG2GzywDGen8OXrqfaPkZNcCTaoxCseLZAzKH2A=",
      "Microsoft.Extensions.DependencyInjection.Abstractions.dll": "sha256-hNtzwnfSaLrpBR+fPJue6QtxM+7cwXYfFyB+dExqnOo=",
      "Microsoft.Extensions.DependencyInjection.dll": "sha256-azTt1JLi4RL0qaUPW8um+3BlO1IxYfZUaUP+kmJ6E6Y=",
      "Microsoft.Extensions.Logging.Abstractions.dll": "sha256-qq7SguHCZiTh0agYJIGh78vmeXScU4sFRZqwvwObG0U=",
      "Microsoft.Extensions.Logging.dll": "sha256-rGXa3leYNXH\/Cu3cszLotzdH8tyAVGZWAnSc7iI3kV4=",
      "Microsoft.Extensions.Options.dll": "sha256-rKuFMNxPlPpYGIA4ZkgZ2osef\/klzJh\/awzaKp51bto=",
      "Microsoft.Extensions.Primitives.dll": "sha256-QRewYnpJ6vl8gGMXBS2gN++\/sQ9hKcuv+rhy586Bbxs=",
      "Microsoft.JSInterop.dll": "sha256-dp\/LqUirmlgMblHpvDpyH8luvzud7I3C\/r0akSsjKwA=",
      "Microsoft.JSInterop.WebAssembly.dll": "sha256-CFOe6IsVp7JvLeJQbSbN9d5w4t3RFpu09tkzbcAtPOY=",
      "System.Collections.Concurrent.dll": "sha256-rCIMNkRtehrhcmq03Hi0hv\/vo2QXe4wuy8fq3KkXlqQ=",
      "System.Collections.dll": "sha256-5VamP2ZL7yR95BMNEZk+A08bQ28P5TNL5cUvBY\/gGV0=",
      "System.Collections.NonGeneric.dll": "sha256-tGp9ada1tw0kZsXnwLs5Gx4JEOLBz1xPaLQkUTA6eoo=",
      "System.Collections.Specialized.dll": "sha256-F2jL57ORXvJxIJSqlX6mh46bf8CcL+wPS3GrPH2A1Ig=",
      "System.ComponentModel.dll": "sha256-NtZS3wwdfNSEGTSnwpkQ4LFW\/0gck2sSDJJBoMqQsHU=",
      "System.ComponentModel.Primitives.dll": "sha256-fZE\/MZlMj7aP9ZqP\/jJyS+eCf8PATKSk9baKBQB1JD4=",
      "System.ComponentModel.TypeConverter.dll": "sha256-TlkjBXL4v7JwJV1K+KqsfZ1+9zI1Rf0N9Ew9UZ96ieQ=",
      "System.Data.Common.dll": "sha256-3A02r9nftry8czXDHfBnQwHTM0\/T10rOxcH6qBTBHDg=",
      "System.Diagnostics.TraceSource.dll": "sha256-uUiZGGPl9Y+Ks7G1fRKpMwR69MlUvQHYVhEUU+F21KI=",
      "System.dll": "sha256-PgXY3KU9eBwBHCfE2uH8Gn3rD9JdUKsLWLUMRQ2L21o=",
      "System.Drawing.dll": "sha256-S9h+8lG76LID6GmRaaJa1t4GZbybJ2yNlw\/sCwY17PE=",
      "System.Drawing.Primitives.dll": "sha256-Fh8kMfIHxVOyjoCXXmhEuxJ6KmJIO2ZIKjU6GvYz6q0=",
      "System.Linq.dll": "sha256-XUfL+6+r+sKLEZ63xciNYPp2OxXx3GAPx+zp5BxqYNo=",
      "System.Linq.Expressions.dll": "sha256-Nocp2q1rxjsK8ZPDm4FpZOysARt4DtnwJfO8RL2vUoI=",
      "System.Memory.dll": "sha256-zqRZMuIneIS94xFateLsbGPDdv74RoHOPuXMFseZed8=",
      "System.Net.Http.dll": "sha256-7MChiFXrJ0czsM00hby8hp+4YJ6vJUg5F4w1PcuOnRk=",
      "System.Net.Primitives.dll": "sha256-6Rd3anpJosY5GvZOsWNhX2xzyvbvV4fv29EyQYpWK1U=",
      "System.ObjectModel.dll": "sha256-l\/48NYdJYu6h8GE1cvAAXJBrhTo\/EiFKr1uJ+6W2IqE=",
      "System.Private.CoreLib.dll": "sha256-iF8n3Y5DF3vdm\/W9oECPFpSdaldA6q+yWvWVQK1y\/YU=",
      "System.Private.Runtime.InteropServices.JavaScript.dll": "sha256-3Bi0Ho0rjMNopGKadSUPmbBhm9CcUtyWeDt+WGL+kzs=",
      "System.Private.Uri.dll": "sha256-by4XPJsT7XsYXBIGikWyCTkf5lC9jURICY5lyj+Scko=",
      "System.Private.Xml.dll": "sha256-gmpGx80xsP72rqD2GZ0SghVmy4FoYl5xDB8Wqi2pIG8=",
      "System.Runtime.CompilerServices.Unsafe.dll": "sha256-Tw4ihVPZo3u4pWJVVdae2B8Qz\/2VA1ZXa7OHes6FXaw=",
      "System.Runtime.dll": "sha256-YIEkhdf1MGiteOqxUwCxvTVv3797mTzsv3JHoYvfxFI=",
      "System.Runtime.Numerics.dll": "sha256-HMtcld11u9aZz6i9lAXQhDEuh5xgTycqeyYdqU0l8\/w=",
      "System.Runtime.Serialization.Formatters.dll": "sha256-1FjafGJ2\/lScT+FYFa19f88WkZ9sFGqhUULMox\/LBDg=",
      "System.Security.Cryptography.Algorithms.dll": "sha256-PXdInjv7h1XWVik\/kC\/\/uApeQkJkRi62l7cyKAeCXe8=",
      "System.Security.Cryptography.Csp.dll": "sha256-mDBWieqrgYN5\/TF2TJLvv9rnCp6LySKCYiPVYGB34yI=",
      "System.Security.Cryptography.Primitives.dll": "sha256-6E\/gvPiJ2r7\/g42cXnBSC0D18Uxx0DDP8xmsFSBXzgg=",
      "System.Text.Encoding.Extensions.dll": "sha256-fCGRVLodphyqGD+p5dKmH2BZ2yr3EAW5tvu0AYGnOns=",
      "System.Text.Encodings.Web.dll": "sha256-KrIHhnjDfmI6pG7S1THELtCc1HYjxJfglhrdO4uE3yg=",
      "System.Text.Json.dll": "sha256-jbfDGCmvo14DuhuxQlh5NfxHfnvmhxErfXDALDzLlY0=",
      "System.Text.RegularExpressions.dll": "sha256-htEF6h9LbDupprt35kc+\/\/LhcV4FkZzavOr83Xf0uDc=",
      "System.Threading.dll": "sha256-AJBcQAtN7H+Xo1HjQQxnEb3v1P+7HPgStCS0DokhS8g="
    },
    "extensions": null,
    "lazyAssembly": null,
    "libraryInitializers": null,
    "pdb": null,
    "runtime": {
      "dotnet.6.0.20.q6j29g8m82.js": "sha256-iXtnf0CK+zdIWjR0cpE38tWChIpNC6sO+aSQAW+aBQU=",
      "dotnet.timezones.blat": "sha256-+yOgACAcx7FbhJ+C10DNEHthQe31fTigZ01WEzRwWf0=",
      "dotnet.wasm": "sha256-2iXF3JXnKI9gG39mZrRKGis+QcI4qawrgcqz9fUi6gs=",
      "icudt_CJK.dat": "sha256-WPyI4hWDPnOw62Nr27FkzGjdbucZnQD+Ph+GOPhAedw=",
      "icudt_EFIGS.dat": "sha256-4RwaPx87Z4dvn77ie\/ro3\/QzyS+\/gGmO3Y\/0CSAXw4k=",
      "icudt_no_CJK.dat": "sha256-OxylFgLJlFqixsj+nLxYVsv5iZLvfIKMpLf9hrWaChA=",
      "icudt.dat": "sha256-Zuq0dWAsBm6\/2lSOsz7+H9PvFaRn61KIXHMMwXDfvyE="
    },
    "runtimeAssets": {
      "dotnet.wasm": {
        "behavior": "dotnetwasm",
        "hash": "sha256-2iXF3JXnKI9gG39mZrRKGis+QcI4qawrgcqz9fUi6gs="
      }
    },
    "satelliteResources": null
  }
}