{
  "cacheBootResources": true,
  "config": [ ],
  "debugBuild": true,
  "entryAssembly": "FakeUserDataGeneration",
  "icuDataMode": 0,
  "linkerEnabled": false,
  "resources": {
    "assembly": {
      "Bogus.dll": "sha256-IgFEwQyP1GQSj7cjhmsEcYuEABesDe9Y3oby2kbVnnc=",
      "CsvHelper.dll": "sha256-oh395MqwHOdv87ggl0L2cpWEDZZGFYe3CVUXnzSo8rY=",
      "Microsoft.AspNetCore.Authorization.dll": "sha256-cS22FAHmrDwLTAjlZCtQiBPLSkoaKRXJSQm7xk4FaBE=",
      "Microsoft.AspNetCore.Components.dll": "sha256-aFUXuxBgKshEkyvzJA8iKU0P+\/\/mEM1KFG+YJVs97f8=",
      "Microsoft.AspNetCore.Components.Forms.dll": "sha256-eP3tLMkdWuhMJ9GaHIuXGNbINEWgwiRqWQGUzdecjPM=",
      "Microsoft.AspNetCore.Components.Web.dll": "sha256-xMGaKfm\/S2I6fON3+BXjhvr1kt2ZxbnGOoWFOLnsKiA=",
      "Microsoft.AspNetCore.Components.WebAssembly.dll": "sha256-ogIhaWO1MfOl5TMYFOiVi3Uza4nLo+EE\/Ded2VTgz54=",
      "Microsoft.AspNetCore.Metadata.dll": "sha256-fF6zyBpe471NsMCgBOpxScY7qhPe6MZHCWKQebOLSOA=",
      "Microsoft.Extensions.Configuration.dll": "sha256-c8yYhfrOBLEnOBglLTu9peXSbJDwFpuT4UQiXSv28Og=",
      "Microsoft.Extensions.Configuration.Abstractions.dll": "sha256-5Otet+KKVUjNkE\/hqcNWmt75H1K2VNuKPFagpRd6Ces=",
      "Microsoft.Extensions.Configuration.Binder.dll": "sha256-wNKhG3Ovx8jqxbscz2AALlsTLfI6GL2dyDhe63mSsoM=",
      "Microsoft.Extensions.Configuration.FileExtensions.dll": "sha256-n2fRP2\/1tGNzaCF5PU4hgTSlHK886OviBf2YAds3NdE=",
      "Microsoft.Extensions.Configuration.Json.dll": "sha256-R28\/ywLWxIcFxKtDIj0IxC+bXi4urX6BHeLL24R+vTQ=",
      "Microsoft.Extensions.DependencyInjection.dll": "sha256-E+EQglKrE9ZXpnxrlzjqNQume4drxQ5JM68M0uAigAE=",
      "Microsoft.Extensions.DependencyInjection.Abstractions.dll": "sha256-nM2DA1GqKLxoPU+NHO\/Z5yQWH5ctJb+2Tu5b9VxIxeM=",
      "Microsoft.Extensions.FileProviders.Abstractions.dll": "sha256-7PzvEcQvpK1c8tTX9VPI8AF+XrekqbAytNBQXJjvTvQ=",
      "Microsoft.Extensions.FileProviders.Physical.dll": "sha256-sXujvGMZDgBBZ9HqfcEq9XsM0pvwyhPt60NA9qLDzGI=",
      "Microsoft.Extensions.FileSystemGlobbing.dll": "sha256-viiXOG0fwhWobT0TQ1ZOJiZBdRvYRlWbDtjz+6d8sQI=",
      "Microsoft.Extensions.Logging.dll": "sha256-GDZQCBtVHfrZZ6fL95lGoinLeUWLjQShLbfESwO7mrc=",
      "Microsoft.Extensions.Logging.Abstractions.dll": "sha256-1N3DNTggtQVhpsTrY9CWyhPwkzSRQdfIHgehgHVpf4A=",
      "Microsoft.Extensions.Options.dll": "sha256-eGESyy9mRu8RcCGajAu4E8nxSmeB5nxiZkFPVaZ5Vl0=",
      "Microsoft.Extensions.Primitives.dll": "sha256-jOmoWSfsdQexH\/6QCA56gR1RMEqeix2iDDUBWbpAOQI=",
      "Microsoft.JSInterop.dll": "sha256-VEyG3vOecmP9LG7e\/optbxRiJHyvznyGC\/ZtTPV7PBU=",
      "Microsoft.JSInterop.WebAssembly.dll": "sha256-DQTJhpg4sP9C\/88U8\/BH9Nrpe7rZE0m\/+kx8ESg+X3Y=",
      "System.IO.Pipelines.dll": "sha256-6+E55JXedimdw1c1bDtVg4K7XuWjVWVTifH8QpfzXSY=",
      "Microsoft.CSharp.dll": "sha256-cV4mICbhfglN+XDlGjJqZMwoGdVsOTy05WwJWMsVqj8=",
      "Microsoft.VisualBasic.Core.dll": "sha256-Ya6f4qUOVKmoYqb1E5fg5ICswVCr4diPdQBvCHdUqhc=",
      "Microsoft.VisualBasic.dll": "sha256-SUfHzLf64rSZofOGJrWMcc7Oxgo5KyJ0M4ULEtxkG48=",
      "Microsoft.Win32.Primitives.dll": "sha256-3cOYgBTLN7lX8iNDTIP7xvytH\/m7hESWIhIsnUPKNz0=",
      "Microsoft.Win32.Registry.dll": "sha256-rqtOgzXC\/d2VOZJvr7e+Em7Dd8gB3ChqBvMbT6qauOc=",
      "System.AppContext.dll": "sha256-jKZ2o8CIfx64FLtp51alTw9vEi3F17LwySqko+vlhkM=",
      "System.Buffers.dll": "sha256-YxA7TsVne7z\/oZ0GdTPpCa2tIxWpc3jClx6B0Ddjuis=",
      "System.Collections.Concurrent.dll": "sha256-n0EmzO7+cJhfTQgquHFqDN3+\/YWmkkQK6TxWrSXwdzM=",
      "System.Collections.Immutable.dll": "sha256-vdXOLL3JzzCECpsep0BkAKgJeGTJNdrxxITJBWrBq6I=",
      "System.Collections.NonGeneric.dll": "sha256-SIrvMjfSJatQqq8AtEd8vqLN8joOXmw5vEjNYtVwWEQ=",
      "System.Collections.Specialized.dll": "sha256-caWEcmytKYb39rhmS8UZCL\/o+8rOhZQ9tb7sjycmPCs=",
      "System.Collections.dll": "sha256-uX\/MbUbUPhDJRnWsLA0FLB8YtQwp6LPbKa7lEE6IMBE=",
      "System.ComponentModel.Annotations.dll": "sha256-HD8EEIeb677Mawd0JJrAIU0PoHZfFheNHRGvWfvezlA=",
      "System.ComponentModel.DataAnnotations.dll": "sha256-NTdV+IprOfre0N8MmaA+ILi98SAyNvpzEtZa\/VWpFBI=",
      "System.ComponentModel.EventBasedAsync.dll": "sha256-PhZD77Quyg4otIwA0P2M1ao4v2KhWdVImT2pgYWTf8M=",
      "System.ComponentModel.Primitives.dll": "sha256-EsbLbiMXEZE6mGeNY0ooazwuzucFwbbftM\/o+Lumz40=",
      "System.ComponentModel.TypeConverter.dll": "sha256-hSgdKGrQZCHmgbMXFHI\/dCJaILaSHgb1slvjlYk6Qe4=",
      "System.ComponentModel.dll": "sha256-jgSAjXDg1LPUswK0DIQxCXMchDO7mzJrZpxRe8UqDW0=",
      "System.Configuration.dll": "sha256-EKQpjEqbzqo5ScCNwhmoAgXN0QswGZqqRCW5YbSn+Ac=",
      "System.Console.dll": "sha256-bWcygJSfFgItAmpM0CwgEb3Mh8OgEH1itXRJYTMQltk=",
      "System.Core.dll": "sha256-CbyvsQy\/iF4vbjefCiGKbCBb4RO7pbiHXohVcvfu3E0=",
      "System.Data.Common.dll": "sha256-iyZ8nlwPLc4k1sJIetKWctdZkk6RwMHUfdquHB7vVcQ=",
      "System.Data.DataSetExtensions.dll": "sha256-BieqWeiQT3H9psa9Cz50mTIw36tZktUBHqR6n6lUd\/Y=",
      "System.Data.dll": "sha256-i0LJaN83+\/lyTgJI7KEwgqut5q2GhtjgwAPmwtiYPcY=",
      "System.Diagnostics.Contracts.dll": "sha256-5RkrMPX7LFeb9AUKdo56zJ8roRbD3a7bvWQCLjAawhY=",
      "System.Diagnostics.Debug.dll": "sha256-rVjB4UhzsONm1afdgWT\/Q6PWr2FHPammVpjRmSxXZDo=",
      "System.Diagnostics.DiagnosticSource.dll": "sha256-1C2D\/d3szPx5tWY2DDNEIPp4X2hFXSUh4hF9ALUerMc=",
      "System.Diagnostics.FileVersionInfo.dll": "sha256-dMyXpNKI2HXDRWzov2x4sEcNTb9t8S1bzvwr3ewl4nk=",
      "System.Diagnostics.Process.dll": "sha256-QsNm74nfWB7IOcdZLdedfvJq8ZHeW2ZUtmFBazKGL+g=",
      "System.Diagnostics.StackTrace.dll": "sha256-ChGIAOaxnr+YaEH1S3GLWScqBBZ4lRSUXCUv6d4foH8=",
      "System.Diagnostics.TextWriterTraceListener.dll": "sha256-B5LdrrQXWd+TnY77JiLeHXMfVUKWAPiT\/8WwtgKhZeU=",
      "System.Diagnostics.Tools.dll": "sha256-yw4KKjKol6rMlnfXvbLy433xHCkvAtl\/P1Bika5OwAQ=",
      "System.Diagnostics.TraceSource.dll": "sha256-c9LVds92XHi6lMdsRyVXqyhTbwen7M5DxysO6eN95kk=",
      "System.Diagnostics.Tracing.dll": "sha256-h1lKHC4FLQc9Y7u2cC\/J\/MfyDO7MY61Cgjlvo4rI07I=",
      "System.Drawing.Primitives.dll": "sha256-ymKOW2tElFibSKKiQHJYH\/X2kIWPp67U71K8KnMWA2Q=",
      "System.Drawing.dll": "sha256-8yXKYOd34nOSXSlee87F+yhgKp+\/N5jp5M0fnaBxDm4=",
      "System.Dynamic.Runtime.dll": "sha256-42JZFmK9SMTAuiudpsWjs18xWlRb40LoBKK1MSJLreY=",
      "System.Formats.Asn1.dll": "sha256-dq2EATPsuP2h+KmL9qKRV17JfmfV9AfK9c0mYo+ck0s=",
      "System.Globalization.Calendars.dll": "sha256-95W8dc+If7yd8mqi2jAy6Vt8NJeOsATxlf84v3l2+Iw=",
      "System.Globalization.Extensions.dll": "sha256-N7K7FN0SeBo1qpb\/+jliuIB3yXVXgJl4kiPq5VijKWo=",
      "System.Globalization.dll": "sha256-fY9TvBOC6QwmGwYFCKk8bkqVshOY1ZAbV5J9TYxbcPY=",
      "System.IO.Compression.Brotli.dll": "sha256-sPdPzivvnHXpWbF\/VTEqSgVtDvLTw4uce+W3u5dh4Q0=",
      "System.IO.Compression.FileSystem.dll": "sha256-E4S6rQArrgcktAJN2fhs5BnYgXxlSa9+8OztOmJazqI=",
      "System.IO.Compression.ZipFile.dll": "sha256-USQQ29gkb5SoYJUNKCILIMSAGIjyokHbhnb2YteO+nc=",
      "System.IO.Compression.dll": "sha256-7aenbblPSKFXz5kq9ALbmLV3vfqmAJ9c1cn2lhd91v8=",
      "System.IO.FileSystem.AccessControl.dll": "sha256-dJvA4+ABlbtLhPsYoAzqIkSl89\/brhrUy3p5VCFtOtE=",
      "System.IO.FileSystem.DriveInfo.dll": "sha256-owT8H1bg1oTciVDNrn6+tVcyuC490WFm3cKnWE0VG6s=",
      "System.IO.FileSystem.Primitives.dll": "sha256-l8DagT6847IeZpleVr4ZEIc9Flnf6uCmh1wVihOYxRI=",
      "System.IO.FileSystem.Watcher.dll": "sha256-zhTQkBhsRnQoM4DxIn6Qx6t9G1Aejjg5w0ifID0ulyg=",
      "System.IO.FileSystem.dll": "sha256-UlP+VDHsFevoeV4N3gyh3nmYFj\/fdUiBc7UrcXzRc1A=",
      "System.IO.IsolatedStorage.dll": "sha256-1UADTwQAQUFjDrPz0I1bEqjvBaaFgzDh3muRtXTtTyo=",
      "System.IO.MemoryMappedFiles.dll": "sha256-OIyIGbQKc\/h5mBQz54RLi8In0rnm+RmO3upGUa+GwAM=",
      "System.IO.Pipes.AccessControl.dll": "sha256-vVLHmbPbM\/KpwbxBMDyL2j1z\/v7u5MpTm31iuJWGEZY=",
      "System.IO.Pipes.dll": "sha256-8Q5bv56nDsQS8c0bq6wgCKEZWaBkTtYqpQWT6dk40ng=",
      "System.IO.UnmanagedMemoryStream.dll": "sha256-RCGKP2qyx2tv+cfO+2C7UvKS+cgvBAgZFIb8EbEHLZw=",
      "System.IO.dll": "sha256-p1FXEiuCS0kqBDu\/cTeIr7kR+ZUUgYkkv+MP+qGWots=",
      "System.Linq.Expressions.dll": "sha256-DfhBpcmWVeADNT2CppNbiqDEzMmL6jAYjYSP5zgi4Fg=",
      "System.Linq.Parallel.dll": "sha256-wSfdpIJN0fpdL5lWVl7A\/R8PMbamaATV4bk3WYBag1w=",
      "System.Linq.Queryable.dll": "sha256-Z9Ey29QiUYCQSdt+wSGsdWQ7Soc3\/W+KsxicI+Y4pcg=",
      "System.Linq.dll": "sha256-GT2tG7mpL0TgSdMdrggRzA7lrTleQFYRuB660Gexy9c=",
      "System.Memory.dll": "sha256-WIfP5AZ+WjOGwH9WvkX+rzubXMiX2oFRj8rk6P3kSCA=",
      "System.Net.Http.Json.dll": "sha256-fEkRj6c5FJ+A++2ovCEK6YnSaw0XPZubxc3lZKPpCDk=",
      "System.Net.Http.dll": "sha256-PDVaiP32rlj561a\/p63p8g4M5AxWimisKSMwlC9P5Fc=",
      "System.Net.HttpListener.dll": "sha256-LjTyVX3DAUDg38mZWGV3EsiOF+NxN6iDWzHnilWhTLc=",
      "System.Net.Mail.dll": "sha256-ax0Ab3FswVzXcW25A3SBJYg0BomA7B+04XP+G8zOdDQ=",
      "System.Net.NameResolution.dll": "sha256-22xl+xUhGhnoeCg1llktNoCPI6Ww3fARYd3gyvjyi5Y=",
      "System.Net.NetworkInformation.dll": "sha256-UwhpdVyCyqkr3rihnwoxn6kFKE\/pA7gwo8cKm9d\/QtE=",
      "System.Net.Ping.dll": "sha256-gfOc8\/gdbVJmdB3kKfrja+U3ktFwJbYHL2JDdRwjDYU=",
      "System.Net.Primitives.dll": "sha256-1p00vRYSWnqywU4uJL+FDCKz1OXS9Y6XqOXoPTE8m+Q=",
      "System.Net.Quic.dll": "sha256-KH1Il77quXBcM0rdHWvrvh+UnQctO7RnFdRgyM5ciH4=",
      "System.Net.Requests.dll": "sha256-isQuWYXM6whHkJapzBzShzXrWmZ9K864mOa2M\/8rTrs=",
      "System.Net.Security.dll": "sha256-vwdHKYUKQ+1Gpcj033zs4z8L7BtH2NJmu6wECcLfvbU=",
      "System.Net.ServicePoint.dll": "sha256-ay\/i90fvSGF0F7tPE7Szsi5apOvOO+r1xv1MybBGKoI=",
      "System.Net.Sockets.dll": "sha256-nsz5BNUnu\/1UIByyrgHbyWXx7ajjQbEilf8sZLxfyZw=",
      "System.Net.WebClient.dll": "sha256-I6SuvzGYMIFi+bQyugMEqF1ibo71f1qRhtuh+fJmRQw=",
      "System.Net.WebHeaderCollection.dll": "sha256-yY1yfzEm3AaN86kqLmVGumgsvu\/+ih5BJyupIsPTQlY=",
      "System.Net.WebProxy.dll": "sha256-MSafkDEA1SAp1mpggtla2AR3AfFAccGMihTtdH0dgFg=",
      "System.Net.WebSockets.Client.dll": "sha256-xaQqbcl+ACx3BPu2HarlDHa0PmScvPOr6n2YIbMeJV0=",
      "System.Net.WebSockets.dll": "sha256-xG8ARygMz+hMXJall27NyfmjdlOqWfpUKfudC5I9DQ4=",
      "System.Net.dll": "sha256-yNARTremq07rBAiZHE+mPQFZnqg7pII2sQEKlawtvHc=",
      "System.Numerics.Vectors.dll": "sha256-+FurhaHePlUDQedXUbRKlqjGtc9XAJLadE9cYr2g6Tg=",
      "System.Numerics.dll": "sha256-EdX+UqNi7AHH9hNiWViFUm8tFbgQWH\/bb3UD8ZWrj6g=",
      "System.ObjectModel.dll": "sha256-I3eb6UB7omzQ9kAIXQaY9jlaRZVmmeQ2JGcXJ0QLW44=",
      "System.Private.DataContractSerialization.dll": "sha256-hs0Db9XXENpppJV0v2WuiYqpoplQ+MjuOhDgiu4cMdI=",
      "System.Private.Runtime.InteropServices.JavaScript.dll": "sha256-x9cAi960c2kmHKtP\/\/CF\/OuhUC+YsDrPmhp+H5LZ86I=",
      "System.Private.Uri.dll": "sha256-Wk86h5L3PSYd76owg3m6qhYFxUVvTweZDLsYN5WcwvM=",
      "System.Private.Xml.Linq.dll": "sha256-fqTEvCjiZ4LOtYp8xyDccMzT5O476lDZqGmyhzZ0xA0=",
      "System.Private.Xml.dll": "sha256-28PD\/Z7+ZoUGSD+IY0TBFCc9OmWb7yuAvsTn+3Vz\/U0=",
      "System.Reflection.DispatchProxy.dll": "sha256-wtjv+ve5GJg5e0GiGLcTU7CWH23N1Pn8aFIRXHwCvLA=",
      "System.Reflection.Emit.ILGeneration.dll": "sha256-0kmkCo+b+uOGIhFdjiJ4PnojRnl09ZJUKZPm0cXiSVg=",
      "System.Reflection.Emit.Lightweight.dll": "sha256-aEkHpdHoVRO7Je99DC38rO20pDIsRHEuNIDQuQpIH0s=",
      "System.Reflection.Emit.dll": "sha256-Y2+dp0Y1LIfaOicIJ2xYD+tqnuLMQuSxLz\/bqKNDYb0=",
      "System.Reflection.Extensions.dll": "sha256-ZxsmbhsixS\/nJCU52\/5yT0L0FQKS0cREXDXsdnMnFTY=",
      "System.Reflection.Metadata.dll": "sha256-eZNmtImYHUXP2gDkQirPPMNhlaMbVti\/lfwbj93xlEc=",
      "System.Reflection.Primitives.dll": "sha256-pRtXNiPmrM37rUe55TBoCPlkKXRs85sSPlWy1\/j50BE=",
      "System.Reflection.TypeExtensions.dll": "sha256-b+LuiZyCMX6EFfiYuGNm6pcA+GsfSLXHdB\/OcO1X02o=",
      "System.Reflection.dll": "sha256-8NuQ6wYQLd6SutE7M5W2Y5JQghJQ5yY4kxkQwrB9\/IM=",
      "System.Resources.Reader.dll": "sha256-A6Oz1bGFHu2M9cWuv4w9tgzPve2odWKWSQT297pwG0I=",
      "System.Resources.ResourceManager.dll": "sha256-uSdaIicdWoEf5V6i+nmS9Co8il7wnUxp+LzNbI9S+mQ=",
      "System.Resources.Writer.dll": "sha256-bsva6D\/Ov5VrVynuh\/mlPtxhyxbFRSyCF9GBw6MKb3A=",
      "System.Runtime.CompilerServices.Unsafe.dll": "sha256-XpVYP5TK+mScvq+6\/dngujMQ4Hk1zE7wrkSVKZkFMew=",
      "System.Runtime.CompilerServices.VisualC.dll": "sha256-UjsDlX2+y1Hf19BG4UGqmHnnNs1I2o5kzt+Hmzne4Zo=",
      "System.Runtime.Extensions.dll": "sha256-5JQOj0xmaGq1049F2OmnDMgmoiV6uqmZJUHpIn2zopQ=",
      "System.Runtime.Handles.dll": "sha256-LfGsrYCyXzzRbJvFaj53bBtXD4sDRsIMJPQArdYhpb8=",
      "System.Runtime.InteropServices.RuntimeInformation.dll": "sha256-IQaltwnpcYyCG0hjPT5tUF1qhsVM3vACt7qyEVrx0+Y=",
      "System.Runtime.InteropServices.dll": "sha256-\/Aiw2thKr7S1\/NdIjMNJh1aUtkSq3WBCul8V9spTVhc=",
      "System.Runtime.Intrinsics.dll": "sha256-W28s4eNuOHCfw6e+attWvjGPulJWtlHT3i8pKM2XPEU=",
      "System.Runtime.Loader.dll": "sha256-mJyfMZ6aExIFkUh5tX2oOG4CbAqtapMVDGiuVw2JJJ0=",
      "System.Runtime.Numerics.dll": "sha256-jfHRxYHomLDMbarJkwOhe3Cibbi7sx\/71SviD\/VgrdQ=",
      "System.Runtime.Serialization.Formatters.dll": "sha256-Rg7cEeindlp63kf3eqhRDH7nJjt5U0XjLLM4pqCZxjo=",
      "System.Runtime.Serialization.Json.dll": "sha256-mN4HxQmzceT0quF0VnXpLqbtfLOtuTrFKUXAgRRsRFg=",
      "System.Runtime.Serialization.Primitives.dll": "sha256-w53jCAlg3PlqShbj+7Ou6IaQsArPG1mejih3grwSdkQ=",
      "System.Runtime.Serialization.Xml.dll": "sha256-5MIC6uKJE16z2+7T5UrK63dKOsYnjiHbC04UigLCu7I=",
      "System.Runtime.Serialization.dll": "sha256-zktgoiReV3DADaJlc3mAQFK0\/FnH+AdLEYrHLH3NGhU=",
      "System.Runtime.dll": "sha256-IShyB43kvR7WvmvenGLkA8\/Jh4x2Ac16\/ALXpxAOxa0=",
      "System.Security.AccessControl.dll": "sha256-hMa2ixlB7BXxYdjhSIdjzYTRFMoaI+98obRmC+rzKLo=",
      "System.Security.Claims.dll": "sha256-dUd5WQ2MtG99jE9YJqPW6CLvIVWsa5PueiW6mYVrJyw=",
      "System.Security.Cryptography.Algorithms.dll": "sha256-TzfeiulRuBDPYem8xzgrx9bZ3vMNFh4J67vnnlPjLlo=",
      "System.Security.Cryptography.Cng.dll": "sha256-2qsVJe3gGgBd\/8+m81FNzZnU8Zb1jmGsSHGyugIDbYk=",
      "System.Security.Cryptography.Csp.dll": "sha256-1IB1RT8XM1ErVepRs80YYuvHJUE6MmZFEST7o6M\/zjQ=",
      "System.Security.Cryptography.Encoding.dll": "sha256-UrNINjAfbyUQnQrO6ya+kJ7g\/UCtntaradEfjcOmKcA=",
      "System.Security.Cryptography.OpenSsl.dll": "sha256-HGKuOPztYQ1YDfsPh47Z\/XLLlBXeiNUsnGPZT3ouo2U=",
      "System.Security.Cryptography.Primitives.dll": "sha256-Jhhok4RcEMlPqfkSPYpZjFfR76LKB4bDfbB28bX4F+0=",
      "System.Security.Cryptography.X509Certificates.dll": "sha256-wVDJ7p4j1UbTQ63fj2TnDUcw3wtLLs5jf8tR+X9rIjc=",
      "System.Security.Principal.Windows.dll": "sha256-hJyUY3jHUW+tv9JE34APuhmXi52OZk7q8eaPoLG5SQ8=",
      "System.Security.Principal.dll": "sha256-0w9xZjkY7kXLge0HwwoJJzZ1AtG4CCbjfufwx9ymxxU=",
      "System.Security.SecureString.dll": "sha256-vI9DUKZy1PlYFjr2mX17oBO1DKdJutmKhXkb4QQORRA=",
      "System.Security.dll": "sha256-45LuvXwo595hFd0i57NEMQ8v7b7SCohrqpyTHjCW4vE=",
      "System.ServiceModel.Web.dll": "sha256-5HpQ2dX\/61ijnZZc4i\/v2r\/aOPEaJ6J2u9RHxFiuQ1w=",
      "System.ServiceProcess.dll": "sha256-FankOF1kr0Ul2npRg2jUBj02Tmv+ZLXUrMxc14xWD1o=",
      "System.Text.Encoding.CodePages.dll": "sha256-i6VsKy5Qarop+xa\/V64cfLcJJBJ27Z0yBDBQa2Ay+8Q=",
      "System.Text.Encoding.Extensions.dll": "sha256-ViDDhM2mm0Lr\/Zjgb9wUltln+hnkUiDoBsgBjg5f67g=",
      "System.Text.Encoding.dll": "sha256-IfuHGD4JOJ62mm1Y\/vxT7E5IYOR6e3UDd30T1lBcLmg=",
      "System.Text.Encodings.Web.dll": "sha256-JYhs5CrOLF8jBz4dVODJa7sZEfP5bCclnGijb3qRtq4=",
      "System.Text.Json.dll": "sha256-9mZf08MSt3jiVWiR1jR3DvfiL9hQX+Q1q7FSfdjQs4k=",
      "System.Text.RegularExpressions.dll": "sha256-3XBCtqSMMBNHYDBe76rIQ4I2X1+ATTLl1qTGNhZ2v5s=",
      "System.Threading.Channels.dll": "sha256-zXHvidxJMACwE7Zrb8mFO0GYNYBPVwWRTa9\/WnwCJqA=",
      "System.Threading.Overlapped.dll": "sha256-z+Dhb0bBn\/Sk3x8R1mNtQoV6qPeWCFcfjUpHuHojOxE=",
      "System.Threading.Tasks.Dataflow.dll": "sha256-ePn3hXrIq7fbyZq84et4CNvZ39Hjrk3NadJC3t0UIsc=",
      "System.Threading.Tasks.Extensions.dll": "sha256-acZ8a66g\/WVPM\/LD1bFaG7EwElRRJH6zV8KMfFT8VBw=",
      "System.Threading.Tasks.Parallel.dll": "sha256-HONyv6J+5W4MbpGK88jEvExdZBK1w+xC4+4w6lE+Y28=",
      "System.Threading.Tasks.dll": "sha256-Dgll5RJTuJB6ozrbui596Hr\/PCUwehhKOKCqL\/bc3ts=",
      "System.Threading.Thread.dll": "sha256-FoWUfg8V9sd7R4DubPwlGbEgv3PxopfyMLr4qDkLL2o=",
      "System.Threading.ThreadPool.dll": "sha256-33pfIShoQZaH\/QpcrhpZlw7jJtLZB6QgqCbo\/upNZuU=",
      "System.Threading.Timer.dll": "sha256-kP0Bwi2PgMJvOS+BPuZX\/zE9aGHUYyZFXpP1nOOLHXA=",
      "System.Threading.dll": "sha256-Kt8tgZylWzQIlgqtWxGJugBzwe5QvoNH22pLDKbAJ5o=",
      "System.Transactions.Local.dll": "sha256-mLag5vNyZiQLX4\/+l3sjqPy74zJ9wS0bX3Iy2qfdkDs=",
      "System.Transactions.dll": "sha256-E\/Y5mQ0HUcPrSUQHpymOhb64rPe6djAwyuTmAw3uANY=",
      "System.ValueTuple.dll": "sha256-ANm8EgvCC1ufocr\/J3eab1wJ+IHenCmDpcmbkLBEU4c=",
      "System.Web.HttpUtility.dll": "sha256-BUoagxyVXU7mMugkeY1GoSWlutWwQqcTh+U9OeAhvVc=",
      "System.Web.dll": "sha256-sxS218uS4DRoz+YWUKP3XRj75S\/p7QeRX1qIy1BnzMU=",
      "System.Windows.dll": "sha256-Rcrz0i6Fxj7ZoQbt9EVkXYXB330fbv36dmbitHClBCM=",
      "System.Xml.Linq.dll": "sha256-Ad5vbDz1bUMxYGfvPcSrsfVyyXXk5AF1yw5Z3k\/bUwM=",
      "System.Xml.ReaderWriter.dll": "sha256-NJkZtFeHpkomSIoRn4NtkFo8VAdwE0wasNWeI4x8EZg=",
      "System.Xml.Serialization.dll": "sha256-RMlSKTGM8U8oq2epL35yiGpvJupjuXFTC19WCZY6gB0=",
      "System.Xml.XDocument.dll": "sha256-E7u\/a1Jj+6SuNv4Lw6cOCCu7Dvkzu41lFeDCVn4CMvc=",
      "System.Xml.XPath.XDocument.dll": "sha256-9sRCAeZZ7V4Apuf9SVNxZPGNB27Nj7qC1iFGdsQe26I=",
      "System.Xml.XPath.dll": "sha256-caiqGqNLxtZGDtBnobYCAdko7aOuGkpZKFdcN7QefUs=",
      "System.Xml.XmlDocument.dll": "sha256-fc\/ljfQLD+vfRM09Llri7fIMcJ8sRMSwEI8Pqg\/XOck=",
      "System.Xml.XmlSerializer.dll": "sha256-URx0fJ3dPUEhstirl5DtuGdt5QyEZF85wmP9My4d+so=",
      "System.Xml.dll": "sha256-KLwk4fiXRNYV+REyvV7rYSIZx6GGNqwzutndYvti5\/M=",
      "System.dll": "sha256-mkmf8uUTu7+t4DQy9JT1AhWhi80d6CcbtfZLlsVbm3Y=",
      "WindowsBase.dll": "sha256-aO92HCDr56Apm7IPZ+OYfrMuAU83+0xrfHn7rkfWBe0=",
      "mscorlib.dll": "sha256-j4L8eYEbpTL2UGB4uTT5qwkcqJsmB46NkVr5uesXgJI=",
      "netstandard.dll": "sha256-2M8m82GceNG8Z8I4dD74L7Tl4vwXdwXcVpYN80ouzQA=",
      "System.Private.CoreLib.dll": "sha256-dFxocfrY9q0E7UJ6nBlyNfnWYTyPu3RKzSggfRhoPJY=",
      "FakeUserDataGeneration.dll": "sha256-ZDuzzcUqCVGKjyVRT+2\/ZjuJYNrLGHjb2KaCEWb7Jkg="
    },
    "extensions": null,
    "lazyAssembly": null,
    "libraryInitializers": null,
    "pdb": {
      "FakeUserDataGeneration.pdb": "sha256-6fDUpMPMuc8OcPzLQRysNGEEvyrZNuoFpwmV\/in9VDk="
    },
    "runtime": {
      "dotnet.6.0.20.q6j29g8m82.js": "sha256-iXtnf0CK+zdIWjR0cpE38tWChIpNC6sO+aSQAW+aBQU=",
      "dotnet.timezones.blat": "sha256-+yOgACAcx7FbhJ+C10DNEHthQe31fTigZ01WEzRwWf0=",
      "dotnet.wasm": "sha256-2iXF3JXnKI9gG39mZrRKGis+QcI4qawrgcqz9fUi6gs=",
      "icudt.dat": "sha256-Zuq0dWAsBm6\/2lSOsz7+H9PvFaRn61KIXHMMwXDfvyE=",
      "icudt_CJK.dat": "sha256-WPyI4hWDPnOw62Nr27FkzGjdbucZnQD+Ph+GOPhAedw=",
      "icudt_EFIGS.dat": "sha256-4RwaPx87Z4dvn77ie\/ro3\/QzyS+\/gGmO3Y\/0CSAXw4k=",
      "icudt_no_CJK.dat": "sha256-OxylFgLJlFqixsj+nLxYVsv5iZLvfIKMpLf9hrWaChA="
    },
    "runtimeAssets": {
      "dotnet.wasm": {
        "behavior": "dotnetwasm",
        "hash": "sha256-2iXF3JXnKI9gG39mZrRKGis+QcI4qawrgcqz9fUi6gs="
      }
    },
    "satelliteResources": null
  }
}