{"ContentRoots":["C:\\Users\\Windows 10\\Documents\\Learning\\iTransition\\assignments\\task5\\FakeUserDataGeneration\\FakeUserDataGeneration\\wwwroot\\","C:\\Users\\Windows 10\\Documents\\Learning\\iTransition\\assignments\\task5\\FakeUserDataGeneration\\FakeUserDataGeneration\\obj\\Release\\net6.0\\scopedcss\\bundle\\","C:\\Users\\Windows 10\\Documents\\Learning\\iTransition\\assignments\\task5\\FakeUserDataGeneration\\FakeUserDataGeneration\\bin\\Release\\net6.0\\wwwroot\\"],"Root":{"Children":{"css":{"Children":{"app.css":{"Children":null,"Asset":{"ContentRootIndex":0,"SubPath":"css/app.css"},"Patterns":null},"bootstrap":{"Children":{"bootstrap.min.css":{"Children":null,"Asset":{"ContentRootIndex":0,"SubPath":"css/bootstrap/bootstrap.min.css"},"Patterns":null},"bootstrap.min.css.map":{"Children":null,"Asset":{"ContentRootIndex":0,"SubPath":"css/bootstrap/bootstrap.min.css.map"},"Patterns":null}},"Asset":null,"Patterns":null},"open-iconic":{"Children":{"FONT-LICENSE":{"Children":null,"Asset":{"ContentRootIndex":0,"SubPath":"css/open-iconic/FONT-LICENSE"},"Patterns":null},"font":{"Children":{"css":{"Children":{"open-iconic-bootstrap.min.css":{"Children":null,"Asset":{"ContentRootIndex":0,"SubPath":"css/open-iconic/font/css/open-iconic-bootstrap.min.css"},"Patterns":null}},"Asset":null,"Patterns":null},"fonts":{"Children":{"open-iconic.eot":{"Children":null,"Asset":{"ContentRootIndex":0,"SubPath":"css/open-iconic/font/fonts/open-iconic.eot"},"Patterns":null},"open-iconic.otf":{"Children":null,"Asset":{"ContentRootIndex":0,"SubPath":"css/open-iconic/font/fonts/open-iconic.otf"},"Patterns":null},"open-iconic.svg":{"Children":null,"Asset":{"ContentRootIndex":0,"SubPath":"css/open-iconic/font/fonts/open-iconic.svg"},"Patterns":null},"open-iconic.ttf":{"Children":null,"Asset":{"ContentRootIndex":0,"SubPath":"css/open-iconic/font/fonts/open-iconic.ttf"},"Patterns":null},"open-iconic.woff":{"Children":null,"Asset":{"ContentRootIndex":0,"SubPath":"css/open-iconic/font/fonts/open-iconic.woff"},"Patterns":null}},"Asset":null,"Patterns":null}},"Asset":null,"Patterns":null},"ICON-LICENSE":{"Children":null,"Asset":{"ContentRootIndex":0,"SubPath":"css/open-iconic/ICON-LICENSE"},"Patterns":null},"README.md":{"Children":null,"Asset":{"ContentRootIndex":0,"SubPath":"css/open-iconic/README.md"},"Patterns":null}},"Asset":null,"Patterns":null}},"Asset":null,"Patterns":null},"favicon.ico":{"Children":null,"Asset":{"ContentRootIndex":0,"SubPath":"favicon.ico"},"Patterns":null},"icon-192.png":{"Children":null,"Asset":{"ContentRootIndex":0,"SubPath":"icon-192.png"},"Patterns":null},"index.html":{"Children":null,"Asset":{"ContentRootIndex":0,"SubPath":"index.html"},"Patterns":null},"sample-data":{"Children":{"weather.json":{"Children":null,"Asset":{"ContentRootIndex":0,"SubPath":"sample-data/weather.json"},"Patterns":null}},"Asset":null,"Patterns":null},"FakeUserDataGeneration.styles.css":{"Children":null,"Asset":{"ContentRootIndex":1,"SubPath":"FakeUserDataGeneration.styles.css"},"Patterns":null},"_framework":{"Children":{"Bogus.dll":{"Children":null,"Asset":{"ContentRootIndex":2,"SubPath":"_framework/Bogus.dll"},"Patterns":null},"CsvHelper.dll":{"Children":null,"Asset":{"ContentRootIndex":2,"SubPath":"_framework/CsvHelper.dll"},"Patterns":null},"Microsoft.AspNetCore.Authorization.dll":{"Children":null,"Asset":{"ContentRootIndex":2,"SubPath":"_framework/Microsoft.AspNetCore.Authorization.dll"},"Patterns":null},"Microsoft.AspNetCore.Components.dll":{"Children":null,"Asset":{"ContentRootIndex":2,"SubPath":"_framework/Microsoft.AspNetCore.Components.dll"},"Patterns":null},"Microsoft.AspNetCore.Components.Forms.dll":{"Children":null,"Asset":{"ContentRootIndex":2,"SubPath":"_framework/Microsoft.AspNetCore.Components.Forms.dll"},"Patterns":null},"Microsoft.AspNetCore.Components.Web.dll":{"Children":null,"Asset":{"ContentRootIndex":2,"SubPath":"_framework/Microsoft.AspNetCore.Components.Web.dll"},"Patterns":null},"Microsoft.AspNetCore.Components.WebAssembly.dll":{"Children":null,"Asset":{"ContentRootIndex":2,"SubPath":"_framework/Microsoft.AspNetCore.Components.WebAssembly.dll"},"Patterns":null},"Microsoft.AspNetCore.Metadata.dll":{"Children":null,"Asset":{"ContentRootIndex":2,"SubPath":"_framework/Microsoft.AspNetCore.Metadata.dll"},"Patterns":null},"Microsoft.Extensions.Configuration.dll":{"Children":null,"Asset":{"ContentRootIndex":2,"SubPath":"_framework/Microsoft.Extensions.Configuration.dll"},"Patterns":null},"Microsoft.Extensions.Configuration.Abstractions.dll":{"Children":null,"Asset":{"ContentRootIndex":2,"SubPath":"_framework/Microsoft.Extensions.Configuration.Abstractions.dll"},"Patterns":null},"Microsoft.Extensions.Configuration.Binder.dll":{"Children":null,"Asset":{"ContentRootIndex":2,"SubPath":"_framework/Microsoft.Extensions.Configuration.Binder.dll"},"Patterns":null},"Microsoft.Extensions.Configuration.FileExtensions.dll":{"Children":null,"Asset":{"ContentRootIndex":2,"SubPath":"_framework/Microsoft.Extensions.Configuration.FileExtensions.dll"},"Patterns":null},"Microsoft.Extensions.Configuration.Json.dll":{"Children":null,"Asset":{"ContentRootIndex":2,"SubPath":"_framework/Microsoft.Extensions.Configuration.Json.dll"},"Patterns":null},"Microsoft.Extensions.DependencyInjection.dll":{"Children":null,"Asset":{"ContentRootIndex":2,"SubPath":"_framework/Microsoft.Extensions.DependencyInjection.dll"},"Patterns":null},"Microsoft.Extensions.DependencyInjection.Abstractions.dll":{"Children":null,"Asset":{"ContentRootIndex":2,"SubPath":"_framework/Microsoft.Extensions.DependencyInjection.Abstractions.dll"},"Patterns":null},"Microsoft.Extensions.FileProviders.Abstractions.dll":{"Children":null,"Asset":{"ContentRootIndex":2,"SubPath":"_framework/Microsoft.Extensions.FileProviders.Abstractions.dll"},"Patterns":null},"Microsoft.Extensions.FileProviders.Physical.dll":{"Children":null,"Asset":{"ContentRootIndex":2,"SubPath":"_framework/Microsoft.Extensions.FileProviders.Physical.dll"},"Patterns":null},"Microsoft.Extensions.FileSystemGlobbing.dll":{"Children":null,"Asset":{"ContentRootIndex":2,"SubPath":"_framework/Microsoft.Extensions.FileSystemGlobbing.dll"},"Patterns":null},"Microsoft.Extensions.Logging.dll":{"Children":null,"Asset":{"ContentRootIndex":2,"SubPath":"_framework/Microsoft.Extensions.Logging.dll"},"Patterns":null},"Microsoft.Extensions.Logging.Abstractions.dll":{"Children":null,"Asset":{"ContentRootIndex":2,"SubPath":"_framework/Microsoft.Extensions.Logging.Abstractions.dll"},"Patterns":null},"Microsoft.Extensions.Options.dll":{"Children":null,"Asset":{"ContentRootIndex":2,"SubPath":"_framework/Microsoft.Extensions.Options.dll"},"Patterns":null},"Microsoft.Extensions.Primitives.dll":{"Children":null,"Asset":{"ContentRootIndex":2,"SubPath":"_framework/Microsoft.Extensions.Primitives.dll"},"Patterns":null},"Microsoft.JSInterop.dll":{"Children":null,"Asset":{"ContentRootIndex":2,"SubPath":"_framework/Microsoft.JSInterop.dll"},"Patterns":null},"Microsoft.JSInterop.WebAssembly.dll":{"Children":null,"Asset":{"ContentRootIndex":2,"SubPath":"_framework/Microsoft.JSInterop.WebAssembly.dll"},"Patterns":null},"System.IO.Pipelines.dll":{"Children":null,"Asset":{"ContentRootIndex":2,"SubPath":"_framework/System.IO.Pipelines.dll"},"Patterns":null},"Microsoft.CSharp.dll":{"Children":null,"Asset":{"ContentRootIndex":2,"SubPath":"_framework/Microsoft.CSharp.dll"},"Patterns":null},"Microsoft.VisualBasic.Core.dll":{"Children":null,"Asset":{"ContentRootIndex":2,"SubPath":"_framework/Microsoft.VisualBasic.Core.dll"},"Patterns":null},"Microsoft.VisualBasic.dll":{"Children":null,"Asset":{"ContentRootIndex":2,"SubPath":"_framework/Microsoft.VisualBasic.dll"},"Patterns":null},"Microsoft.Win32.Primitives.dll":{"Children":null,"Asset":{"ContentRootIndex":2,"SubPath":"_framework/Microsoft.Win32.Primitives.dll"},"Patterns":null},"Microsoft.Win32.Registry.dll":{"Children":null,"Asset":{"ContentRootIndex":2,"SubPath":"_framework/Microsoft.Win32.Registry.dll"},"Patterns":null},"System.AppContext.dll":{"Children":null,"Asset":{"ContentRootIndex":2,"SubPath":"_framework/System.AppContext.dll"},"Patterns":null},"System.Buffers.dll":{"Children":null,"Asset":{"ContentRootIndex":2,"SubPath":"_framework/System.Buffers.dll"},"Patterns":null},"System.Collections.Concurrent.dll":{"Children":null,"Asset":{"ContentRootIndex":2,"SubPath":"_framework/System.Collections.Concurrent.dll"},"Patterns":null},"System.Collections.Immutable.dll":{"Children":null,"Asset":{"ContentRootIndex":2,"SubPath":"_framework/System.Collections.Immutable.dll"},"Patterns":null},"System.Collections.NonGeneric.dll":{"Children":null,"Asset":{"ContentRootIndex":2,"SubPath":"_framework/System.Collections.NonGeneric.dll"},"Patterns":null},"System.Collections.Specialized.dll":{"Children":null,"Asset":{"ContentRootIndex":2,"SubPath":"_framework/System.Collections.Specialized.dll"},"Patterns":null},"System.Collections.dll":{"Children":null,"Asset":{"ContentRootIndex":2,"SubPath":"_framework/System.Collections.dll"},"Patterns":null},"System.ComponentModel.Annotations.dll":{"Children":null,"Asset":{"ContentRootIndex":2,"SubPath":"_framework/System.ComponentModel.Annotations.dll"},"Patterns":null},"System.ComponentModel.DataAnnotations.dll":{"Children":null,"Asset":{"ContentRootIndex":2,"SubPath":"_framework/System.ComponentModel.DataAnnotations.dll"},"Patterns":null},"System.ComponentModel.EventBasedAsync.dll":{"Children":null,"Asset":{"ContentRootIndex":2,"SubPath":"_framework/System.ComponentModel.EventBasedAsync.dll"},"Patterns":null},"System.ComponentModel.Primitives.dll":{"Children":null,"Asset":{"ContentRootIndex":2,"SubPath":"_framework/System.ComponentModel.Primitives.dll"},"Patterns":null},"System.ComponentModel.TypeConverter.dll":{"Children":null,"Asset":{"ContentRootIndex":2,"SubPath":"_framework/System.ComponentModel.TypeConverter.dll"},"Patterns":null},"System.ComponentModel.dll":{"Children":null,"Asset":{"ContentRootIndex":2,"SubPath":"_framework/System.ComponentModel.dll"},"Patterns":null},"System.Configuration.dll":{"Children":null,"Asset":{"ContentRootIndex":2,"SubPath":"_framework/System.Configuration.dll"},"Patterns":null},"System.Console.dll":{"Children":null,"Asset":{"ContentRootIndex":2,"SubPath":"_framework/System.Console.dll"},"Patterns":null},"System.Core.dll":{"Children":null,"Asset":{"ContentRootIndex":2,"SubPath":"_framework/System.Core.dll"},"Patterns":null},"System.Data.Common.dll":{"Children":null,"Asset":{"ContentRootIndex":2,"SubPath":"_framework/System.Data.Common.dll"},"Patterns":null},"System.Data.DataSetExtensions.dll":{"Children":null,"Asset":{"ContentRootIndex":2,"SubPath":"_framework/System.Data.DataSetExtensions.dll"},"Patterns":null},"System.Data.dll":{"Children":null,"Asset":{"ContentRootIndex":2,"SubPath":"_framework/System.Data.dll"},"Patterns":null},"System.Diagnostics.Contracts.dll":{"Children":null,"Asset":{"ContentRootIndex":2,"SubPath":"_framework/System.Diagnostics.Contracts.dll"},"Patterns":null},"System.Diagnostics.Debug.dll":{"Children":null,"Asset":{"ContentRootIndex":2,"SubPath":"_framework/System.Diagnostics.Debug.dll"},"Patterns":null},"System.Diagnostics.DiagnosticSource.dll":{"Children":null,"Asset":{"ContentRootIndex":2,"SubPath":"_framework/System.Diagnostics.DiagnosticSource.dll"},"Patterns":null},"System.Diagnostics.FileVersionInfo.dll":{"Children":null,"Asset":{"ContentRootIndex":2,"SubPath":"_framework/System.Diagnostics.FileVersionInfo.dll"},"Patterns":null},"System.Diagnostics.Process.dll":{"Children":null,"Asset":{"ContentRootIndex":2,"SubPath":"_framework/System.Diagnostics.Process.dll"},"Patterns":null},"System.Diagnostics.StackTrace.dll":{"Children":null,"Asset":{"ContentRootIndex":2,"SubPath":"_framework/System.Diagnostics.StackTrace.dll"},"Patterns":null},"System.Diagnostics.TextWriterTraceListener.dll":{"Children":null,"Asset":{"ContentRootIndex":2,"SubPath":"_framework/System.Diagnostics.TextWriterTraceListener.dll"},"Patterns":null},"System.Diagnostics.Tools.dll":{"Children":null,"Asset":{"ContentRootIndex":2,"SubPath":"_framework/System.Diagnostics.Tools.dll"},"Patterns":null},"System.Diagnostics.TraceSource.dll":{"Children":null,"Asset":{"ContentRootIndex":2,"SubPath":"_framework/System.Diagnostics.TraceSource.dll"},"Patterns":null},"System.Diagnostics.Tracing.dll":{"Children":null,"Asset":{"ContentRootIndex":2,"SubPath":"_framework/System.Diagnostics.Tracing.dll"},"Patterns":null},"System.Drawing.Primitives.dll":{"Children":null,"Asset":{"ContentRootIndex":2,"SubPath":"_framework/System.Drawing.Primitives.dll"},"Patterns":null},"System.Drawing.dll":{"Children":null,"Asset":{"ContentRootIndex":2,"SubPath":"_framework/System.Drawing.dll"},"Patterns":null},"System.Dynamic.Runtime.dll":{"Children":null,"Asset":{"ContentRootIndex":2,"SubPath":"_framework/System.Dynamic.Runtime.dll"},"Patterns":null},"System.Formats.Asn1.dll":{"Children":null,"Asset":{"ContentRootIndex":2,"SubPath":"_framework/System.Formats.Asn1.dll"},"Patterns":null},"System.Globalization.Calendars.dll":{"Children":null,"Asset":{"ContentRootIndex":2,"SubPath":"_framework/System.Globalization.Calendars.dll"},"Patterns":null},"System.Globalization.Extensions.dll":{"Children":null,"Asset":{"ContentRootIndex":2,"SubPath":"_framework/System.Globalization.Extensions.dll"},"Patterns":null},"System.Globalization.dll":{"Children":null,"Asset":{"ContentRootIndex":2,"SubPath":"_framework/System.Globalization.dll"},"Patterns":null},"System.IO.Compression.Brotli.dll":{"Children":null,"Asset":{"ContentRootIndex":2,"SubPath":"_framework/System.IO.Compression.Brotli.dll"},"Patterns":null},"System.IO.Compression.FileSystem.dll":{"Children":null,"Asset":{"ContentRootIndex":2,"SubPath":"_framework/System.IO.Compression.FileSystem.dll"},"Patterns":null},"System.IO.Compression.ZipFile.dll":{"Children":null,"Asset":{"ContentRootIndex":2,"SubPath":"_framework/System.IO.Compression.ZipFile.dll"},"Patterns":null},"System.IO.Compression.dll":{"Children":null,"Asset":{"ContentRootIndex":2,"SubPath":"_framework/System.IO.Compression.dll"},"Patterns":null},"System.IO.FileSystem.AccessControl.dll":{"Children":null,"Asset":{"ContentRootIndex":2,"SubPath":"_framework/System.IO.FileSystem.AccessControl.dll"},"Patterns":null},"System.IO.FileSystem.DriveInfo.dll":{"Children":null,"Asset":{"ContentRootIndex":2,"SubPath":"_framework/System.IO.FileSystem.DriveInfo.dll"},"Patterns":null},"System.IO.FileSystem.Primitives.dll":{"Children":null,"Asset":{"ContentRootIndex":2,"SubPath":"_framework/System.IO.FileSystem.Primitives.dll"},"Patterns":null},"System.IO.FileSystem.Watcher.dll":{"Children":null,"Asset":{"ContentRootIndex":2,"SubPath":"_framework/System.IO.FileSystem.Watcher.dll"},"Patterns":null},"System.IO.FileSystem.dll":{"Children":null,"Asset":{"ContentRootIndex":2,"SubPath":"_framework/System.IO.FileSystem.dll"},"Patterns":null},"System.IO.IsolatedStorage.dll":{"Children":null,"Asset":{"ContentRootIndex":2,"SubPath":"_framework/System.IO.IsolatedStorage.dll"},"Patterns":null},"System.IO.MemoryMappedFiles.dll":{"Children":null,"Asset":{"ContentRootIndex":2,"SubPath":"_framework/System.IO.MemoryMappedFiles.dll"},"Patterns":null},"System.IO.Pipes.AccessControl.dll":{"Children":null,"Asset":{"ContentRootIndex":2,"SubPath":"_framework/System.IO.Pipes.AccessControl.dll"},"Patterns":null},"System.IO.Pipes.dll":{"Children":null,"Asset":{"ContentRootIndex":2,"SubPath":"_framework/System.IO.Pipes.dll"},"Patterns":null},"System.IO.UnmanagedMemoryStream.dll":{"Children":null,"Asset":{"ContentRootIndex":2,"SubPath":"_framework/System.IO.UnmanagedMemoryStream.dll"},"Patterns":null},"System.IO.dll":{"Children":null,"Asset":{"ContentRootIndex":2,"SubPath":"_framework/System.IO.dll"},"Patterns":null},"System.Linq.Expressions.dll":{"Children":null,"Asset":{"ContentRootIndex":2,"SubPath":"_framework/System.Linq.Expressions.dll"},"Patterns":null},"System.Linq.Parallel.dll":{"Children":null,"Asset":{"ContentRootIndex":2,"SubPath":"_framework/System.Linq.Parallel.dll"},"Patterns":null},"System.Linq.Queryable.dll":{"Children":null,"Asset":{"ContentRootIndex":2,"SubPath":"_framework/System.Linq.Queryable.dll"},"Patterns":null},"System.Linq.dll":{"Children":null,"Asset":{"ContentRootIndex":2,"SubPath":"_framework/System.Linq.dll"},"Patterns":null},"System.Memory.dll":{"Children":null,"Asset":{"ContentRootIndex":2,"SubPath":"_framework/System.Memory.dll"},"Patterns":null},"System.Net.Http.Json.dll":{"Children":null,"Asset":{"ContentRootIndex":2,"SubPath":"_framework/System.Net.Http.Json.dll"},"Patterns":null},"System.Net.Http.dll":{"Children":null,"Asset":{"ContentRootIndex":2,"SubPath":"_framework/System.Net.Http.dll"},"Patterns":null},"System.Net.HttpListener.dll":{"Children":null,"Asset":{"ContentRootIndex":2,"SubPath":"_framework/System.Net.HttpListener.dll"},"Patterns":null},"System.Net.Mail.dll":{"Children":null,"Asset":{"ContentRootIndex":2,"SubPath":"_framework/System.Net.Mail.dll"},"Patterns":null},"System.Net.NameResolution.dll":{"Children":null,"Asset":{"ContentRootIndex":2,"SubPath":"_framework/System.Net.NameResolution.dll"},"Patterns":null},"System.Net.NetworkInformation.dll":{"Children":null,"Asset":{"ContentRootIndex":2,"SubPath":"_framework/System.Net.NetworkInformation.dll"},"Patterns":null},"System.Net.Ping.dll":{"Children":null,"Asset":{"ContentRootIndex":2,"SubPath":"_framework/System.Net.Ping.dll"},"Patterns":null},"System.Net.Primitives.dll":{"Children":null,"Asset":{"ContentRootIndex":2,"SubPath":"_framework/System.Net.Primitives.dll"},"Patterns":null},"System.Net.Quic.dll":{"Children":null,"Asset":{"ContentRootIndex":2,"SubPath":"_framework/System.Net.Quic.dll"},"Patterns":null},"System.Net.Requests.dll":{"Children":null,"Asset":{"ContentRootIndex":2,"SubPath":"_framework/System.Net.Requests.dll"},"Patterns":null},"System.Net.Security.dll":{"Children":null,"Asset":{"ContentRootIndex":2,"SubPath":"_framework/System.Net.Security.dll"},"Patterns":null},"System.Net.ServicePoint.dll":{"Children":null,"Asset":{"ContentRootIndex":2,"SubPath":"_framework/System.Net.ServicePoint.dll"},"Patterns":null},"System.Net.Sockets.dll":{"Children":null,"Asset":{"ContentRootIndex":2,"SubPath":"_framework/System.Net.Sockets.dll"},"Patterns":null},"System.Net.WebClient.dll":{"Children":null,"Asset":{"ContentRootIndex":2,"SubPath":"_framework/System.Net.WebClient.dll"},"Patterns":null},"System.Net.WebHeaderCollection.dll":{"Children":null,"Asset":{"ContentRootIndex":2,"SubPath":"_framework/System.Net.WebHeaderCollection.dll"},"Patterns":null},"System.Net.WebProxy.dll":{"Children":null,"Asset":{"ContentRootIndex":2,"SubPath":"_framework/System.Net.WebProxy.dll"},"Patterns":null},"System.Net.WebSockets.Client.dll":{"Children":null,"Asset":{"ContentRootIndex":2,"SubPath":"_framework/System.Net.WebSockets.Client.dll"},"Patterns":null},"System.Net.WebSockets.dll":{"Children":null,"Asset":{"ContentRootIndex":2,"SubPath":"_framework/System.Net.WebSockets.dll"},"Patterns":null},"System.Net.dll":{"Children":null,"Asset":{"ContentRootIndex":2,"SubPath":"_framework/System.Net.dll"},"Patterns":null},"System.Numerics.Vectors.dll":{"Children":null,"Asset":{"ContentRootIndex":2,"SubPath":"_framework/System.Numerics.Vectors.dll"},"Patterns":null},"System.Numerics.dll":{"Children":null,"Asset":{"ContentRootIndex":2,"SubPath":"_framework/System.Numerics.dll"},"Patterns":null},"System.ObjectModel.dll":{"Children":null,"Asset":{"ContentRootIndex":2,"SubPath":"_framework/System.ObjectModel.dll"},"Patterns":null},"System.Private.DataContractSerialization.dll":{"Children":null,"Asset":{"ContentRootIndex":2,"SubPath":"_framework/System.Private.DataContractSerialization.dll"},"Patterns":null},"System.Private.Runtime.InteropServices.JavaScript.dll":{"Children":null,"Asset":{"ContentRootIndex":2,"SubPath":"_framework/System.Private.Runtime.InteropServices.JavaScript.dll"},"Patterns":null},"System.Private.Uri.dll":{"Children":null,"Asset":{"ContentRootIndex":2,"SubPath":"_framework/System.Private.Uri.dll"},"Patterns":null},"System.Private.Xml.Linq.dll":{"Children":null,"Asset":{"ContentRootIndex":2,"SubPath":"_framework/System.Private.Xml.Linq.dll"},"Patterns":null},"System.Private.Xml.dll":{"Children":null,"Asset":{"ContentRootIndex":2,"SubPath":"_framework/System.Private.Xml.dll"},"Patterns":null},"System.Reflection.DispatchProxy.dll":{"Children":null,"Asset":{"ContentRootIndex":2,"SubPath":"_framework/System.Reflection.DispatchProxy.dll"},"Patterns":null},"System.Reflection.Emit.ILGeneration.dll":{"Children":null,"Asset":{"ContentRootIndex":2,"SubPath":"_framework/System.Reflection.Emit.ILGeneration.dll"},"Patterns":null},"System.Reflection.Emit.Lightweight.dll":{"Children":null,"Asset":{"ContentRootIndex":2,"SubPath":"_framework/System.Reflection.Emit.Lightweight.dll"},"Patterns":null},"System.Reflection.Emit.dll":{"Children":null,"Asset":{"ContentRootIndex":2,"SubPath":"_framework/System.Reflection.Emit.dll"},"Patterns":null},"System.Reflection.Extensions.dll":{"Children":null,"Asset":{"ContentRootIndex":2,"SubPath":"_framework/System.Reflection.Extensions.dll"},"Patterns":null},"System.Reflection.Metadata.dll":{"Children":null,"Asset":{"ContentRootIndex":2,"SubPath":"_framework/System.Reflection.Metadata.dll"},"Patterns":null},"System.Reflection.Primitives.dll":{"Children":null,"Asset":{"ContentRootIndex":2,"SubPath":"_framework/System.Reflection.Primitives.dll"},"Patterns":null},"System.Reflection.TypeExtensions.dll":{"Children":null,"Asset":{"ContentRootIndex":2,"SubPath":"_framework/System.Reflection.TypeExtensions.dll"},"Patterns":null},"System.Reflection.dll":{"Children":null,"Asset":{"ContentRootIndex":2,"SubPath":"_framework/System.Reflection.dll"},"Patterns":null},"System.Resources.Reader.dll":{"Children":null,"Asset":{"ContentRootIndex":2,"SubPath":"_framework/System.Resources.Reader.dll"},"Patterns":null},"System.Resources.ResourceManager.dll":{"Children":null,"Asset":{"ContentRootIndex":2,"SubPath":"_framework/System.Resources.ResourceManager.dll"},"Patterns":null},"System.Resources.Writer.dll":{"Children":null,"Asset":{"ContentRootIndex":2,"SubPath":"_framework/System.Resources.Writer.dll"},"Patterns":null},"System.Runtime.CompilerServices.Unsafe.dll":{"Children":null,"Asset":{"ContentRootIndex":2,"SubPath":"_framework/System.Runtime.CompilerServices.Unsafe.dll"},"Patterns":null},"System.Runtime.CompilerServices.VisualC.dll":{"Children":null,"Asset":{"ContentRootIndex":2,"SubPath":"_framework/System.Runtime.CompilerServices.VisualC.dll"},"Patterns":null},"System.Runtime.Extensions.dll":{"Children":null,"Asset":{"ContentRootIndex":2,"SubPath":"_framework/System.Runtime.Extensions.dll"},"Patterns":null},"System.Runtime.Handles.dll":{"Children":null,"Asset":{"ContentRootIndex":2,"SubPath":"_framework/System.Runtime.Handles.dll"},"Patterns":null},"System.Runtime.InteropServices.RuntimeInformation.dll":{"Children":null,"Asset":{"ContentRootIndex":2,"SubPath":"_framework/System.Runtime.InteropServices.RuntimeInformation.dll"},"Patterns":null},"System.Runtime.InteropServices.dll":{"Children":null,"Asset":{"ContentRootIndex":2,"SubPath":"_framework/System.Runtime.InteropServices.dll"},"Patterns":null},"System.Runtime.Intrinsics.dll":{"Children":null,"Asset":{"ContentRootIndex":2,"SubPath":"_framework/System.Runtime.Intrinsics.dll"},"Patterns":null},"System.Runtime.Loader.dll":{"Children":null,"Asset":{"ContentRootIndex":2,"SubPath":"_framework/System.Runtime.Loader.dll"},"Patterns":null},"System.Runtime.Numerics.dll":{"Children":null,"Asset":{"ContentRootIndex":2,"SubPath":"_framework/System.Runtime.Numerics.dll"},"Patterns":null},"System.Runtime.Serialization.Formatters.dll":{"Children":null,"Asset":{"ContentRootIndex":2,"SubPath":"_framework/System.Runtime.Serialization.Formatters.dll"},"Patterns":null},"System.Runtime.Serialization.Json.dll":{"Children":null,"Asset":{"ContentRootIndex":2,"SubPath":"_framework/System.Runtime.Serialization.Json.dll"},"Patterns":null},"System.Runtime.Serialization.Primitives.dll":{"Children":null,"Asset":{"ContentRootIndex":2,"SubPath":"_framework/System.Runtime.Serialization.Primitives.dll"},"Patterns":null},"System.Runtime.Serialization.Xml.dll":{"Children":null,"Asset":{"ContentRootIndex":2,"SubPath":"_framework/System.Runtime.Serialization.Xml.dll"},"Patterns":null},"System.Runtime.Serialization.dll":{"Children":null,"Asset":{"ContentRootIndex":2,"SubPath":"_framework/System.Runtime.Serialization.dll"},"Patterns":null},"System.Runtime.dll":{"Children":null,"Asset":{"ContentRootIndex":2,"SubPath":"_framework/System.Runtime.dll"},"Patterns":null},"System.Security.AccessControl.dll":{"Children":null,"Asset":{"ContentRootIndex":2,"SubPath":"_framework/System.Security.AccessControl.dll"},"Patterns":null},"System.Security.Claims.dll":{"Children":null,"Asset":{"ContentRootIndex":2,"SubPath":"_framework/System.Security.Claims.dll"},"Patterns":null},"System.Security.Cryptography.Algorithms.dll":{"Children":null,"Asset":{"ContentRootIndex":2,"SubPath":"_framework/System.Security.Cryptography.Algorithms.dll"},"Patterns":null},"System.Security.Cryptography.Cng.dll":{"Children":null,"Asset":{"ContentRootIndex":2,"SubPath":"_framework/System.Security.Cryptography.Cng.dll"},"Patterns":null},"System.Security.Cryptography.Csp.dll":{"Children":null,"Asset":{"ContentRootIndex":2,"SubPath":"_framework/System.Security.Cryptography.Csp.dll"},"Patterns":null},"System.Security.Cryptography.Encoding.dll":{"Children":null,"Asset":{"ContentRootIndex":2,"SubPath":"_framework/System.Security.Cryptography.Encoding.dll"},"Patterns":null},"System.Security.Cryptography.OpenSsl.dll":{"Children":null,"Asset":{"ContentRootIndex":2,"SubPath":"_framework/System.Security.Cryptography.OpenSsl.dll"},"Patterns":null},"System.Security.Cryptography.Primitives.dll":{"Children":null,"Asset":{"ContentRootIndex":2,"SubPath":"_framework/System.Security.Cryptography.Primitives.dll"},"Patterns":null},"System.Security.Cryptography.X509Certificates.dll":{"Children":null,"Asset":{"ContentRootIndex":2,"SubPath":"_framework/System.Security.Cryptography.X509Certificates.dll"},"Patterns":null},"System.Security.Principal.Windows.dll":{"Children":null,"Asset":{"ContentRootIndex":2,"SubPath":"_framework/System.Security.Principal.Windows.dll"},"Patterns":null},"System.Security.Principal.dll":{"Children":null,"Asset":{"ContentRootIndex":2,"SubPath":"_framework/System.Security.Principal.dll"},"Patterns":null},"System.Security.SecureString.dll":{"Children":null,"Asset":{"ContentRootIndex":2,"SubPath":"_framework/System.Security.SecureString.dll"},"Patterns":null},"System.Security.dll":{"Children":null,"Asset":{"ContentRootIndex":2,"SubPath":"_framework/System.Security.dll"},"Patterns":null},"System.ServiceModel.Web.dll":{"Children":null,"Asset":{"ContentRootIndex":2,"SubPath":"_framework/System.ServiceModel.Web.dll"},"Patterns":null},"System.ServiceProcess.dll":{"Children":null,"Asset":{"ContentRootIndex":2,"SubPath":"_framework/System.ServiceProcess.dll"},"Patterns":null},"System.Text.Encoding.CodePages.dll":{"Children":null,"Asset":{"ContentRootIndex":2,"SubPath":"_framework/System.Text.Encoding.CodePages.dll"},"Patterns":null},"System.Text.Encoding.Extensions.dll":{"Children":null,"Asset":{"ContentRootIndex":2,"SubPath":"_framework/System.Text.Encoding.Extensions.dll"},"Patterns":null},"System.Text.Encoding.dll":{"Children":null,"Asset":{"ContentRootIndex":2,"SubPath":"_framework/System.Text.Encoding.dll"},"Patterns":null},"System.Text.Encodings.Web.dll":{"Children":null,"Asset":{"ContentRootIndex":2,"SubPath":"_framework/System.Text.Encodings.Web.dll"},"Patterns":null},"System.Text.Json.dll":{"Children":null,"Asset":{"ContentRootIndex":2,"SubPath":"_framework/System.Text.Json.dll"},"Patterns":null},"System.Text.RegularExpressions.dll":{"Children":null,"Asset":{"ContentRootIndex":2,"SubPath":"_framework/System.Text.RegularExpressions.dll"},"Patterns":null},"System.Threading.Channels.dll":{"Children":null,"Asset":{"ContentRootIndex":2,"SubPath":"_framework/System.Threading.Channels.dll"},"Patterns":null},"System.Threading.Overlapped.dll":{"Children":null,"Asset":{"ContentRootIndex":2,"SubPath":"_framework/System.Threading.Overlapped.dll"},"Patterns":null},"System.Threading.Tasks.Dataflow.dll":{"Children":null,"Asset":{"ContentRootIndex":2,"SubPath":"_framework/System.Threading.Tasks.Dataflow.dll"},"Patterns":null},"System.Threading.Tasks.Extensions.dll":{"Children":null,"Asset":{"ContentRootIndex":2,"SubPath":"_framework/System.Threading.Tasks.Extensions.dll"},"Patterns":null},"System.Threading.Tasks.Parallel.dll":{"Children":null,"Asset":{"ContentRootIndex":2,"SubPath":"_framework/System.Threading.Tasks.Parallel.dll"},"Patterns":null},"System.Threading.Tasks.dll":{"Children":null,"Asset":{"ContentRootIndex":2,"SubPath":"_framework/System.Threading.Tasks.dll"},"Patterns":null},"System.Threading.Thread.dll":{"Children":null,"Asset":{"ContentRootIndex":2,"SubPath":"_framework/System.Threading.Thread.dll"},"Patterns":null},"System.Threading.ThreadPool.dll":{"Children":null,"Asset":{"ContentRootIndex":2,"SubPath":"_framework/System.Threading.ThreadPool.dll"},"Patterns":null},"System.Threading.Timer.dll":{"Children":null,"Asset":{"ContentRootIndex":2,"SubPath":"_framework/System.Threading.Timer.dll"},"Patterns":null},"System.Threading.dll":{"Children":null,"Asset":{"ContentRootIndex":2,"SubPath":"_framework/System.Threading.dll"},"Patterns":null},"System.Transactions.Local.dll":{"Children":null,"Asset":{"ContentRootIndex":2,"SubPath":"_framework/System.Transactions.Local.dll"},"Patterns":null},"System.Transactions.dll":{"Children":null,"Asset":{"ContentRootIndex":2,"SubPath":"_framework/System.Transactions.dll"},"Patterns":null},"System.ValueTuple.dll":{"Children":null,"Asset":{"ContentRootIndex":2,"SubPath":"_framework/System.ValueTuple.dll"},"Patterns":null},"System.Web.HttpUtility.dll":{"Children":null,"Asset":{"ContentRootIndex":2,"SubPath":"_framework/System.Web.HttpUtility.dll"},"Patterns":null},"System.Web.dll":{"Children":null,"Asset":{"ContentRootIndex":2,"SubPath":"_framework/System.Web.dll"},"Patterns":null},"System.Windows.dll":{"Children":null,"Asset":{"ContentRootIndex":2,"SubPath":"_framework/System.Windows.dll"},"Patterns":null},"System.Xml.Linq.dll":{"Children":null,"Asset":{"ContentRootIndex":2,"SubPath":"_framework/System.Xml.Linq.dll"},"Patterns":null},"System.Xml.ReaderWriter.dll":{"Children":null,"Asset":{"ContentRootIndex":2,"SubPath":"_framework/System.Xml.ReaderWriter.dll"},"Patterns":null},"System.Xml.Serialization.dll":{"Children":null,"Asset":{"ContentRootIndex":2,"SubPath":"_framework/System.Xml.Serialization.dll"},"Patterns":null},"System.Xml.XDocument.dll":{"Children":null,"Asset":{"ContentRootIndex":2,"SubPath":"_framework/System.Xml.XDocument.dll"},"Patterns":null},"System.Xml.XPath.XDocument.dll":{"Children":null,"Asset":{"ContentRootIndex":2,"SubPath":"_framework/System.Xml.XPath.XDocument.dll"},"Patterns":null},"System.Xml.XPath.dll":{"Children":null,"Asset":{"ContentRootIndex":2,"SubPath":"_framework/System.Xml.XPath.dll"},"Patterns":null},"System.Xml.XmlDocument.dll":{"Children":null,"Asset":{"ContentRootIndex":2,"SubPath":"_framework/System.Xml.XmlDocument.dll"},"Patterns":null},"System.Xml.XmlSerializer.dll":{"Children":null,"Asset":{"ContentRootIndex":2,"SubPath":"_framework/System.Xml.XmlSerializer.dll"},"Patterns":null},"System.Xml.dll":{"Children":null,"Asset":{"ContentRootIndex":2,"SubPath":"_framework/System.Xml.dll"},"Patterns":null},"System.dll":{"Children":null,"Asset":{"ContentRootIndex":2,"SubPath":"_framework/System.dll"},"Patterns":null},"WindowsBase.dll":{"Children":null,"Asset":{"ContentRootIndex":2,"SubPath":"_framework/WindowsBase.dll"},"Patterns":null},"mscorlib.dll":{"Children":null,"Asset":{"ContentRootIndex":2,"SubPath":"_framework/mscorlib.dll"},"Patterns":null},"netstandard.dll":{"Children":null,"Asset":{"ContentRootIndex":2,"SubPath":"_framework/netstandard.dll"},"Patterns":null},"System.Private.CoreLib.dll":{"Children":null,"Asset":{"ContentRootIndex":2,"SubPath":"_framework/System.Private.CoreLib.dll"},"Patterns":null},"dotnet.6.0.20.q6j29g8m82.js":{"Children":null,"Asset":{"ContentRootIndex":2,"SubPath":"_framework/dotnet.6.0.20.q6j29g8m82.js"},"Patterns":null},"dotnet.timezones.blat":{"Children":null,"Asset":{"ContentRootIndex":2,"SubPath":"_framework/dotnet.timezones.blat"},"Patterns":null},"dotnet.wasm":{"Children":null,"Asset":{"ContentRootIndex":2,"SubPath":"_framework/dotnet.wasm"},"Patterns":null},"icudt.dat":{"Children":null,"Asset":{"ContentRootIndex":2,"SubPath":"_framework/icudt.dat"},"Patterns":null},"icudt_CJK.dat":{"Children":null,"Asset":{"ContentRootIndex":2,"SubPath":"_framework/icudt_CJK.dat"},"Patterns":null},"icudt_EFIGS.dat":{"Children":null,"Asset":{"ContentRootIndex":2,"SubPath":"_framework/icudt_EFIGS.dat"},"Patterns":null},"icudt_no_CJK.dat":{"Children":null,"Asset":{"ContentRootIndex":2,"SubPath":"_framework/icudt_no_CJK.dat"},"Patterns":null},"FakeUserDataGeneration.dll":{"Children":null,"Asset":{"ContentRootIndex":2,"SubPath":"_framework/FakeUserDataGeneration.dll"},"Patterns":null},"FakeUserDataGeneration.pdb":{"Children":null,"Asset":{"ContentRootIndex":2,"SubPath":"_framework/FakeUserDataGeneration.pdb"},"Patterns":null},"blazor.webassembly.js":{"Children":null,"Asset":{"ContentRootIndex":2,"SubPath":"_framework/blazor.webassembly.js"},"Patterns":null},"Bogus.dll.gz":{"Children":null,"Asset":{"ContentRootIndex":2,"SubPath":"_framework/Bogus.dll.gz"},"Patterns":null},"CsvHelper.dll.gz":{"Children":null,"Asset":{"ContentRootIndex":2,"SubPath":"_framework/CsvHelper.dll.gz"},"Patterns":null},"Microsoft.AspNetCore.Authorization.dll.gz":{"Children":null,"Asset":{"ContentRootIndex":2,"SubPath":"_framework/Microsoft.AspNetCore.Authorization.dll.gz"},"Patterns":null},"Microsoft.AspNetCore.Components.dll.gz":{"Children":null,"Asset":{"ContentRootIndex":2,"SubPath":"_framework/Microsoft.AspNetCore.Components.dll.gz"},"Patterns":null},"Microsoft.AspNetCore.Components.Forms.dll.gz":{"Children":null,"Asset":{"ContentRootIndex":2,"SubPath":"_framework/Microsoft.AspNetCore.Components.Forms.dll.gz"},"Patterns":null},"Microsoft.AspNetCore.Components.Web.dll.gz":{"Children":null,"Asset":{"ContentRootIndex":2,"SubPath":"_framework/Microsoft.AspNetCore.Components.Web.dll.gz"},"Patterns":null},"Microsoft.AspNetCore.Components.WebAssembly.dll.gz":{"Children":null,"Asset":{"ContentRootIndex":2,"SubPath":"_framework/Microsoft.AspNetCore.Components.WebAssembly.dll.gz"},"Patterns":null},"Microsoft.AspNetCore.Metadata.dll.gz":{"Children":null,"Asset":{"ContentRootIndex":2,"SubPath":"_framework/Microsoft.AspNetCore.Metadata.dll.gz"},"Patterns":null},"Microsoft.Extensions.Configuration.dll.gz":{"Children":null,"Asset":{"ContentRootIndex":2,"SubPath":"_framework/Microsoft.Extensions.Configuration.dll.gz"},"Patterns":null},"Microsoft.Extensions.Configuration.Abstractions.dll.gz":{"Children":null,"Asset":{"ContentRootIndex":2,"SubPath":"_framework/Microsoft.Extensions.Configuration.Abstractions.dll.gz"},"Patterns":null},"Microsoft.Extensions.Configuration.Binder.dll.gz":{"Children":null,"Asset":{"ContentRootIndex":2,"SubPath":"_framework/Microsoft.Extensions.Configuration.Binder.dll.gz"},"Patterns":null},"Microsoft.Extensions.Configuration.FileExtensions.dll.gz":{"Children":null,"Asset":{"ContentRootIndex":2,"SubPath":"_framework/Microsoft.Extensions.Configuration.FileExtensions.dll.gz"},"Patterns":null},"Microsoft.Extensions.Configuration.Json.dll.gz":{"Children":null,"Asset":{"ContentRootIndex":2,"SubPath":"_framework/Microsoft.Extensions.Configuration.Json.dll.gz"},"Patterns":null},"Microsoft.Extensions.DependencyInjection.dll.gz":{"Children":null,"Asset":{"ContentRootIndex":2,"SubPath":"_framework/Microsoft.Extensions.DependencyInjection.dll.gz"},"Patterns":null},"Microsoft.Extensions.DependencyInjection.Abstractions.dll.gz":{"Children":null,"Asset":{"ContentRootIndex":2,"SubPath":"_framework/Microsoft.Extensions.DependencyInjection.Abstractions.dll.gz"},"Patterns":null},"Microsoft.Extensions.FileProviders.Abstractions.dll.gz":{"Children":null,"Asset":{"ContentRootIndex":2,"SubPath":"_framework/Microsoft.Extensions.FileProviders.Abstractions.dll.gz"},"Patterns":null},"Microsoft.Extensions.FileProviders.Physical.dll.gz":{"Children":null,"Asset":{"ContentRootIndex":2,"SubPath":"_framework/Microsoft.Extensions.FileProviders.Physical.dll.gz"},"Patterns":null},"Microsoft.Extensions.FileSystemGlobbing.dll.gz":{"Children":null,"Asset":{"ContentRootIndex":2,"SubPath":"_framework/Microsoft.Extensions.FileSystemGlobbing.dll.gz"},"Patterns":null},"Microsoft.Extensions.Logging.dll.gz":{"Children":null,"Asset":{"ContentRootIndex":2,"SubPath":"_framework/Microsoft.Extensions.Logging.dll.gz"},"Patterns":null},"Microsoft.Extensions.Logging.Abstractions.dll.gz":{"Children":null,"Asset":{"ContentRootIndex":2,"SubPath":"_framework/Microsoft.Extensions.Logging.Abstractions.dll.gz"},"Patterns":null},"Microsoft.Extensions.Options.dll.gz":{"Children":null,"Asset":{"ContentRootIndex":2,"SubPath":"_framework/Microsoft.Extensions.Options.dll.gz"},"Patterns":null},"Microsoft.Extensions.Primitives.dll.gz":{"Children":null,"Asset":{"ContentRootIndex":2,"SubPath":"_framework/Microsoft.Extensions.Primitives.dll.gz"},"Patterns":null},"Microsoft.JSInterop.dll.gz":{"Children":null,"Asset":{"ContentRootIndex":2,"SubPath":"_framework/Microsoft.JSInterop.dll.gz"},"Patterns":null},"Microsoft.JSInterop.WebAssembly.dll.gz":{"Children":null,"Asset":{"ContentRootIndex":2,"SubPath":"_framework/Microsoft.JSInterop.WebAssembly.dll.gz"},"Patterns":null},"System.IO.Pipelines.dll.gz":{"Children":null,"Asset":{"ContentRootIndex":2,"SubPath":"_framework/System.IO.Pipelines.dll.gz"},"Patterns":null},"Microsoft.CSharp.dll.gz":{"Children":null,"Asset":{"ContentRootIndex":2,"SubPath":"_framework/Microsoft.CSharp.dll.gz"},"Patterns":null},"Microsoft.VisualBasic.Core.dll.gz":{"Children":null,"Asset":{"ContentRootIndex":2,"SubPath":"_framework/Microsoft.VisualBasic.Core.dll.gz"},"Patterns":null},"Microsoft.VisualBasic.dll.gz":{"Children":null,"Asset":{"ContentRootIndex":2,"SubPath":"_framework/Microsoft.VisualBasic.dll.gz"},"Patterns":null},"Microsoft.Win32.Primitives.dll.gz":{"Children":null,"Asset":{"ContentRootIndex":2,"SubPath":"_framework/Microsoft.Win32.Primitives.dll.gz"},"Patterns":null},"Microsoft.Win32.Registry.dll.gz":{"Children":null,"Asset":{"ContentRootIndex":2,"SubPath":"_framework/Microsoft.Win32.Registry.dll.gz"},"Patterns":null},"System.AppContext.dll.gz":{"Children":null,"Asset":{"ContentRootIndex":2,"SubPath":"_framework/System.AppContext.dll.gz"},"Patterns":null},"System.Buffers.dll.gz":{"Children":null,"Asset":{"ContentRootIndex":2,"SubPath":"_framework/System.Buffers.dll.gz"},"Patterns":null},"System.Collections.Concurrent.dll.gz":{"Children":null,"Asset":{"ContentRootIndex":2,"SubPath":"_framework/System.Collections.Concurrent.dll.gz"},"Patterns":null},"System.Collections.Immutable.dll.gz":{"Children":null,"Asset":{"ContentRootIndex":2,"SubPath":"_framework/System.Collections.Immutable.dll.gz"},"Patterns":null},"System.Collections.NonGeneric.dll.gz":{"Children":null,"Asset":{"ContentRootIndex":2,"SubPath":"_framework/System.Collections.NonGeneric.dll.gz"},"Patterns":null},"System.Collections.Specialized.dll.gz":{"Children":null,"Asset":{"ContentRootIndex":2,"SubPath":"_framework/System.Collections.Specialized.dll.gz"},"Patterns":null},"System.Collections.dll.gz":{"Children":null,"Asset":{"ContentRootIndex":2,"SubPath":"_framework/System.Collections.dll.gz"},"Patterns":null},"System.ComponentModel.Annotations.dll.gz":{"Children":null,"Asset":{"ContentRootIndex":2,"SubPath":"_framework/System.ComponentModel.Annotations.dll.gz"},"Patterns":null},"System.ComponentModel.DataAnnotations.dll.gz":{"Children":null,"Asset":{"ContentRootIndex":2,"SubPath":"_framework/System.ComponentModel.DataAnnotations.dll.gz"},"Patterns":null},"System.ComponentModel.EventBasedAsync.dll.gz":{"Children":null,"Asset":{"ContentRootIndex":2,"SubPath":"_framework/System.ComponentModel.EventBasedAsync.dll.gz"},"Patterns":null},"System.ComponentModel.Primitives.dll.gz":{"Children":null,"Asset":{"ContentRootIndex":2,"SubPath":"_framework/System.ComponentModel.Primitives.dll.gz"},"Patterns":null},"System.ComponentModel.TypeConverter.dll.gz":{"Children":null,"Asset":{"ContentRootIndex":2,"SubPath":"_framework/System.ComponentModel.TypeConverter.dll.gz"},"Patterns":null},"System.ComponentModel.dll.gz":{"Children":null,"Asset":{"ContentRootIndex":2,"SubPath":"_framework/System.ComponentModel.dll.gz"},"Patterns":null},"System.Configuration.dll.gz":{"Children":null,"Asset":{"ContentRootIndex":2,"SubPath":"_framework/System.Configuration.dll.gz"},"Patterns":null},"System.Console.dll.gz":{"Children":null,"Asset":{"ContentRootIndex":2,"SubPath":"_framework/System.Console.dll.gz"},"Patterns":null},"System.Core.dll.gz":{"Children":null,"Asset":{"ContentRootIndex":2,"SubPath":"_framework/System.Core.dll.gz"},"Patterns":null},"System.Data.Common.dll.gz":{"Children":null,"Asset":{"ContentRootIndex":2,"SubPath":"_framework/System.Data.Common.dll.gz"},"Patterns":null},"System.Data.DataSetExtensions.dll.gz":{"Children":null,"Asset":{"ContentRootIndex":2,"SubPath":"_framework/System.Data.DataSetExtensions.dll.gz"},"Patterns":null},"System.Data.dll.gz":{"Children":null,"Asset":{"ContentRootIndex":2,"SubPath":"_framework/System.Data.dll.gz"},"Patterns":null},"System.Diagnostics.Contracts.dll.gz":{"Children":null,"Asset":{"ContentRootIndex":2,"SubPath":"_framework/System.Diagnostics.Contracts.dll.gz"},"Patterns":null},"System.Diagnostics.Debug.dll.gz":{"Children":null,"Asset":{"ContentRootIndex":2,"SubPath":"_framework/System.Diagnostics.Debug.dll.gz"},"Patterns":null},"System.Diagnostics.DiagnosticSource.dll.gz":{"Children":null,"Asset":{"ContentRootIndex":2,"SubPath":"_framework/System.Diagnostics.DiagnosticSource.dll.gz"},"Patterns":null},"System.Diagnostics.FileVersionInfo.dll.gz":{"Children":null,"Asset":{"ContentRootIndex":2,"SubPath":"_framework/System.Diagnostics.FileVersionInfo.dll.gz"},"Patterns":null},"System.Diagnostics.Process.dll.gz":{"Children":null,"Asset":{"ContentRootIndex":2,"SubPath":"_framework/System.Diagnostics.Process.dll.gz"},"Patterns":null},"System.Diagnostics.StackTrace.dll.gz":{"Children":null,"Asset":{"ContentRootIndex":2,"SubPath":"_framework/System.Diagnostics.StackTrace.dll.gz"},"Patterns":null},"System.Diagnostics.TextWriterTraceListener.dll.gz":{"Children":null,"Asset":{"ContentRootIndex":2,"SubPath":"_framework/System.Diagnostics.TextWriterTraceListener.dll.gz"},"Patterns":null},"System.Diagnostics.Tools.dll.gz":{"Children":null,"Asset":{"ContentRootIndex":2,"SubPath":"_framework/System.Diagnostics.Tools.dll.gz"},"Patterns":null},"System.Diagnostics.TraceSource.dll.gz":{"Children":null,"Asset":{"ContentRootIndex":2,"SubPath":"_framework/System.Diagnostics.TraceSource.dll.gz"},"Patterns":null},"System.Diagnostics.Tracing.dll.gz":{"Children":null,"Asset":{"ContentRootIndex":2,"SubPath":"_framework/System.Diagnostics.Tracing.dll.gz"},"Patterns":null},"System.Drawing.Primitives.dll.gz":{"Children":null,"Asset":{"ContentRootIndex":2,"SubPath":"_framework/System.Drawing.Primitives.dll.gz"},"Patterns":null},"System.Drawing.dll.gz":{"Children":null,"Asset":{"ContentRootIndex":2,"SubPath":"_framework/System.Drawing.dll.gz"},"Patterns":null},"System.Dynamic.Runtime.dll.gz":{"Children":null,"Asset":{"ContentRootIndex":2,"SubPath":"_framework/System.Dynamic.Runtime.dll.gz"},"Patterns":null},"System.Formats.Asn1.dll.gz":{"Children":null,"Asset":{"ContentRootIndex":2,"SubPath":"_framework/System.Formats.Asn1.dll.gz"},"Patterns":null},"System.Globalization.Calendars.dll.gz":{"Children":null,"Asset":{"ContentRootIndex":2,"SubPath":"_framework/System.Globalization.Calendars.dll.gz"},"Patterns":null},"System.Globalization.Extensions.dll.gz":{"Children":null,"Asset":{"ContentRootIndex":2,"SubPath":"_framework/System.Globalization.Extensions.dll.gz"},"Patterns":null},"System.Globalization.dll.gz":{"Children":null,"Asset":{"ContentRootIndex":2,"SubPath":"_framework/System.Globalization.dll.gz"},"Patterns":null},"System.IO.Compression.Brotli.dll.gz":{"Children":null,"Asset":{"ContentRootIndex":2,"SubPath":"_framework/System.IO.Compression.Brotli.dll.gz"},"Patterns":null},"System.IO.Compression.FileSystem.dll.gz":{"Children":null,"Asset":{"ContentRootIndex":2,"SubPath":"_framework/System.IO.Compression.FileSystem.dll.gz"},"Patterns":null},"System.IO.Compression.ZipFile.dll.gz":{"Children":null,"Asset":{"ContentRootIndex":2,"SubPath":"_framework/System.IO.Compression.ZipFile.dll.gz"},"Patterns":null},"System.IO.Compression.dll.gz":{"Children":null,"Asset":{"ContentRootIndex":2,"SubPath":"_framework/System.IO.Compression.dll.gz"},"Patterns":null},"System.IO.FileSystem.AccessControl.dll.gz":{"Children":null,"Asset":{"ContentRootIndex":2,"SubPath":"_framework/System.IO.FileSystem.AccessControl.dll.gz"},"Patterns":null},"System.IO.FileSystem.DriveInfo.dll.gz":{"Children":null,"Asset":{"ContentRootIndex":2,"SubPath":"_framework/System.IO.FileSystem.DriveInfo.dll.gz"},"Patterns":null},"System.IO.FileSystem.Primitives.dll.gz":{"Children":null,"Asset":{"ContentRootIndex":2,"SubPath":"_framework/System.IO.FileSystem.Primitives.dll.gz"},"Patterns":null},"System.IO.FileSystem.Watcher.dll.gz":{"Children":null,"Asset":{"ContentRootIndex":2,"SubPath":"_framework/System.IO.FileSystem.Watcher.dll.gz"},"Patterns":null},"System.IO.FileSystem.dll.gz":{"Children":null,"Asset":{"ContentRootIndex":2,"SubPath":"_framework/System.IO.FileSystem.dll.gz"},"Patterns":null},"System.IO.IsolatedStorage.dll.gz":{"Children":null,"Asset":{"ContentRootIndex":2,"SubPath":"_framework/System.IO.IsolatedStorage.dll.gz"},"Patterns":null},"System.IO.MemoryMappedFiles.dll.gz":{"Children":null,"Asset":{"ContentRootIndex":2,"SubPath":"_framework/System.IO.MemoryMappedFiles.dll.gz"},"Patterns":null},"System.IO.Pipes.AccessControl.dll.gz":{"Children":null,"Asset":{"ContentRootIndex":2,"SubPath":"_framework/System.IO.Pipes.AccessControl.dll.gz"},"Patterns":null},"System.IO.Pipes.dll.gz":{"Children":null,"Asset":{"ContentRootIndex":2,"SubPath":"_framework/System.IO.Pipes.dll.gz"},"Patterns":null},"System.IO.UnmanagedMemoryStream.dll.gz":{"Children":null,"Asset":{"ContentRootIndex":2,"SubPath":"_framework/System.IO.UnmanagedMemoryStream.dll.gz"},"Patterns":null},"System.IO.dll.gz":{"Children":null,"Asset":{"ContentRootIndex":2,"SubPath":"_framework/System.IO.dll.gz"},"Patterns":null},"System.Linq.Expressions.dll.gz":{"Children":null,"Asset":{"ContentRootIndex":2,"SubPath":"_framework/System.Linq.Expressions.dll.gz"},"Patterns":null},"System.Linq.Parallel.dll.gz":{"Children":null,"Asset":{"ContentRootIndex":2,"SubPath":"_framework/System.Linq.Parallel.dll.gz"},"Patterns":null},"System.Linq.Queryable.dll.gz":{"Children":null,"Asset":{"ContentRootIndex":2,"SubPath":"_framework/System.Linq.Queryable.dll.gz"},"Patterns":null},"System.Linq.dll.gz":{"Children":null,"Asset":{"ContentRootIndex":2,"SubPath":"_framework/System.Linq.dll.gz"},"Patterns":null},"System.Memory.dll.gz":{"Children":null,"Asset":{"ContentRootIndex":2,"SubPath":"_framework/System.Memory.dll.gz"},"Patterns":null},"System.Net.Http.Json.dll.gz":{"Children":null,"Asset":{"ContentRootIndex":2,"SubPath":"_framework/System.Net.Http.Json.dll.gz"},"Patterns":null},"System.Net.Http.dll.gz":{"Children":null,"Asset":{"ContentRootIndex":2,"SubPath":"_framework/System.Net.Http.dll.gz"},"Patterns":null},"System.Net.HttpListener.dll.gz":{"Children":null,"Asset":{"ContentRootIndex":2,"SubPath":"_framework/System.Net.HttpListener.dll.gz"},"Patterns":null},"System.Net.Mail.dll.gz":{"Children":null,"Asset":{"ContentRootIndex":2,"SubPath":"_framework/System.Net.Mail.dll.gz"},"Patterns":null},"System.Net.NameResolution.dll.gz":{"Children":null,"Asset":{"ContentRootIndex":2,"SubPath":"_framework/System.Net.NameResolution.dll.gz"},"Patterns":null},"System.Net.NetworkInformation.dll.gz":{"Children":null,"Asset":{"ContentRootIndex":2,"SubPath":"_framework/System.Net.NetworkInformation.dll.gz"},"Patterns":null},"System.Net.Ping.dll.gz":{"Children":null,"Asset":{"ContentRootIndex":2,"SubPath":"_framework/System.Net.Ping.dll.gz"},"Patterns":null},"System.Net.Primitives.dll.gz":{"Children":null,"Asset":{"ContentRootIndex":2,"SubPath":"_framework/System.Net.Primitives.dll.gz"},"Patterns":null},"System.Net.Quic.dll.gz":{"Children":null,"Asset":{"ContentRootIndex":2,"SubPath":"_framework/System.Net.Quic.dll.gz"},"Patterns":null},"System.Net.Requests.dll.gz":{"Children":null,"Asset":{"ContentRootIndex":2,"SubPath":"_framework/System.Net.Requests.dll.gz"},"Patterns":null},"System.Net.Security.dll.gz":{"Children":null,"Asset":{"ContentRootIndex":2,"SubPath":"_framework/System.Net.Security.dll.gz"},"Patterns":null},"System.Net.ServicePoint.dll.gz":{"Children":null,"Asset":{"ContentRootIndex":2,"SubPath":"_framework/System.Net.ServicePoint.dll.gz"},"Patterns":null},"System.Net.Sockets.dll.gz":{"Children":null,"Asset":{"ContentRootIndex":2,"SubPath":"_framework/System.Net.Sockets.dll.gz"},"Patterns":null},"System.Net.WebClient.dll.gz":{"Children":null,"Asset":{"ContentRootIndex":2,"SubPath":"_framework/System.Net.WebClient.dll.gz"},"Patterns":null},"System.Net.WebHeaderCollection.dll.gz":{"Children":null,"Asset":{"ContentRootIndex":2,"SubPath":"_framework/System.Net.WebHeaderCollection.dll.gz"},"Patterns":null},"System.Net.WebProxy.dll.gz":{"Children":null,"Asset":{"ContentRootIndex":2,"SubPath":"_framework/System.Net.WebProxy.dll.gz"},"Patterns":null},"System.Net.WebSockets.Client.dll.gz":{"Children":null,"Asset":{"ContentRootIndex":2,"SubPath":"_framework/System.Net.WebSockets.Client.dll.gz"},"Patterns":null},"System.Net.WebSockets.dll.gz":{"Children":null,"Asset":{"ContentRootIndex":2,"SubPath":"_framework/System.Net.WebSockets.dll.gz"},"Patterns":null},"System.Net.dll.gz":{"Children":null,"Asset":{"ContentRootIndex":2,"SubPath":"_framework/System.Net.dll.gz"},"Patterns":null},"System.Numerics.Vectors.dll.gz":{"Children":null,"Asset":{"ContentRootIndex":2,"SubPath":"_framework/System.Numerics.Vectors.dll.gz"},"Patterns":null},"System.Numerics.dll.gz":{"Children":null,"Asset":{"ContentRootIndex":2,"SubPath":"_framework/System.Numerics.dll.gz"},"Patterns":null},"System.ObjectModel.dll.gz":{"Children":null,"Asset":{"ContentRootIndex":2,"SubPath":"_framework/System.ObjectModel.dll.gz"},"Patterns":null},"System.Private.DataContractSerialization.dll.gz":{"Children":null,"Asset":{"ContentRootIndex":2,"SubPath":"_framework/System.Private.DataContractSerialization.dll.gz"},"Patterns":null},"System.Private.Runtime.InteropServices.JavaScript.dll.gz":{"Children":null,"Asset":{"ContentRootIndex":2,"SubPath":"_framework/System.Private.Runtime.InteropServices.JavaScript.dll.gz"},"Patterns":null},"System.Private.Uri.dll.gz":{"Children":null,"Asset":{"ContentRootIndex":2,"SubPath":"_framework/System.Private.Uri.dll.gz"},"Patterns":null},"System.Private.Xml.Linq.dll.gz":{"Children":null,"Asset":{"ContentRootIndex":2,"SubPath":"_framework/System.Private.Xml.Linq.dll.gz"},"Patterns":null},"System.Private.Xml.dll.gz":{"Children":null,"Asset":{"ContentRootIndex":2,"SubPath":"_framework/System.Private.Xml.dll.gz"},"Patterns":null},"System.Reflection.DispatchProxy.dll.gz":{"Children":null,"Asset":{"ContentRootIndex":2,"SubPath":"_framework/System.Reflection.DispatchProxy.dll.gz"},"Patterns":null},"System.Reflection.Emit.ILGeneration.dll.gz":{"Children":null,"Asset":{"ContentRootIndex":2,"SubPath":"_framework/System.Reflection.Emit.ILGeneration.dll.gz"},"Patterns":null},"System.Reflection.Emit.Lightweight.dll.gz":{"Children":null,"Asset":{"ContentRootIndex":2,"SubPath":"_framework/System.Reflection.Emit.Lightweight.dll.gz"},"Patterns":null},"System.Reflection.Emit.dll.gz":{"Children":null,"Asset":{"ContentRootIndex":2,"SubPath":"_framework/System.Reflection.Emit.dll.gz"},"Patterns":null},"System.Reflection.Extensions.dll.gz":{"Children":null,"Asset":{"ContentRootIndex":2,"SubPath":"_framework/System.Reflection.Extensions.dll.gz"},"Patterns":null},"System.Reflection.Metadata.dll.gz":{"Children":null,"Asset":{"ContentRootIndex":2,"SubPath":"_framework/System.Reflection.Metadata.dll.gz"},"Patterns":null},"System.Reflection.Primitives.dll.gz":{"Children":null,"Asset":{"ContentRootIndex":2,"SubPath":"_framework/System.Reflection.Primitives.dll.gz"},"Patterns":null},"System.Reflection.TypeExtensions.dll.gz":{"Children":null,"Asset":{"ContentRootIndex":2,"SubPath":"_framework/System.Reflection.TypeExtensions.dll.gz"},"Patterns":null},"System.Reflection.dll.gz":{"Children":null,"Asset":{"ContentRootIndex":2,"SubPath":"_framework/System.Reflection.dll.gz"},"Patterns":null},"System.Resources.Reader.dll.gz":{"Children":null,"Asset":{"ContentRootIndex":2,"SubPath":"_framework/System.Resources.Reader.dll.gz"},"Patterns":null},"System.Resources.ResourceManager.dll.gz":{"Children":null,"Asset":{"ContentRootIndex":2,"SubPath":"_framework/System.Resources.ResourceManager.dll.gz"},"Patterns":null},"System.Resources.Writer.dll.gz":{"Children":null,"Asset":{"ContentRootIndex":2,"SubPath":"_framework/System.Resources.Writer.dll.gz"},"Patterns":null},"System.Runtime.CompilerServices.Unsafe.dll.gz":{"Children":null,"Asset":{"ContentRootIndex":2,"SubPath":"_framework/System.Runtime.CompilerServices.Unsafe.dll.gz"},"Patterns":null},"System.Runtime.CompilerServices.VisualC.dll.gz":{"Children":null,"Asset":{"ContentRootIndex":2,"SubPath":"_framework/System.Runtime.CompilerServices.VisualC.dll.gz"},"Patterns":null},"System.Runtime.Extensions.dll.gz":{"Children":null,"Asset":{"ContentRootIndex":2,"SubPath":"_framework/System.Runtime.Extensions.dll.gz"},"Patterns":null},"System.Runtime.Handles.dll.gz":{"Children":null,"Asset":{"ContentRootIndex":2,"SubPath":"_framework/System.Runtime.Handles.dll.gz"},"Patterns":null},"System.Runtime.InteropServices.RuntimeInformation.dll.gz":{"Children":null,"Asset":{"ContentRootIndex":2,"SubPath":"_framework/System.Runtime.InteropServices.RuntimeInformation.dll.gz"},"Patterns":null},"System.Runtime.InteropServices.dll.gz":{"Children":null,"Asset":{"ContentRootIndex":2,"SubPath":"_framework/System.Runtime.InteropServices.dll.gz"},"Patterns":null},"System.Runtime.Intrinsics.dll.gz":{"Children":null,"Asset":{"ContentRootIndex":2,"SubPath":"_framework/System.Runtime.Intrinsics.dll.gz"},"Patterns":null},"System.Runtime.Loader.dll.gz":{"Children":null,"Asset":{"ContentRootIndex":2,"SubPath":"_framework/System.Runtime.Loader.dll.gz"},"Patterns":null},"System.Runtime.Numerics.dll.gz":{"Children":null,"Asset":{"ContentRootIndex":2,"SubPath":"_framework/System.Runtime.Numerics.dll.gz"},"Patterns":null},"System.Runtime.Serialization.Formatters.dll.gz":{"Children":null,"Asset":{"ContentRootIndex":2,"SubPath":"_framework/System.Runtime.Serialization.Formatters.dll.gz"},"Patterns":null},"System.Runtime.Serialization.Json.dll.gz":{"Children":null,"Asset":{"ContentRootIndex":2,"SubPath":"_framework/System.Runtime.Serialization.Json.dll.gz"},"Patterns":null},"System.Runtime.Serialization.Primitives.dll.gz":{"Children":null,"Asset":{"ContentRootIndex":2,"SubPath":"_framework/System.Runtime.Serialization.Primitives.dll.gz"},"Patterns":null},"System.Runtime.Serialization.Xml.dll.gz":{"Children":null,"Asset":{"ContentRootIndex":2,"SubPath":"_framework/System.Runtime.Serialization.Xml.dll.gz"},"Patterns":null},"System.Runtime.Serialization.dll.gz":{"Children":null,"Asset":{"ContentRootIndex":2,"SubPath":"_framework/System.Runtime.Serialization.dll.gz"},"Patterns":null},"System.Runtime.dll.gz":{"Children":null,"Asset":{"ContentRootIndex":2,"SubPath":"_framework/System.Runtime.dll.gz"},"Patterns":null},"System.Security.AccessControl.dll.gz":{"Children":null,"Asset":{"ContentRootIndex":2,"SubPath":"_framework/System.Security.AccessControl.dll.gz"},"Patterns":null},"System.Security.Claims.dll.gz":{"Children":null,"Asset":{"ContentRootIndex":2,"SubPath":"_framework/System.Security.Claims.dll.gz"},"Patterns":null},"System.Security.Cryptography.Algorithms.dll.gz":{"Children":null,"Asset":{"ContentRootIndex":2,"SubPath":"_framework/System.Security.Cryptography.Algorithms.dll.gz"},"Patterns":null},"System.Security.Cryptography.Cng.dll.gz":{"Children":null,"Asset":{"ContentRootIndex":2,"SubPath":"_framework/System.Security.Cryptography.Cng.dll.gz"},"Patterns":null},"System.Security.Cryptography.Csp.dll.gz":{"Children":null,"Asset":{"ContentRootIndex":2,"SubPath":"_framework/System.Security.Cryptography.Csp.dll.gz"},"Patterns":null},"System.Security.Cryptography.Encoding.dll.gz":{"Children":null,"Asset":{"ContentRootIndex":2,"SubPath":"_framework/System.Security.Cryptography.Encoding.dll.gz"},"Patterns":null},"System.Security.Cryptography.OpenSsl.dll.gz":{"Children":null,"Asset":{"ContentRootIndex":2,"SubPath":"_framework/System.Security.Cryptography.OpenSsl.dll.gz"},"Patterns":null},"System.Security.Cryptography.Primitives.dll.gz":{"Children":null,"Asset":{"ContentRootIndex":2,"SubPath":"_framework/System.Security.Cryptography.Primitives.dll.gz"},"Patterns":null},"System.Security.Cryptography.X509Certificates.dll.gz":{"Children":null,"Asset":{"ContentRootIndex":2,"SubPath":"_framework/System.Security.Cryptography.X509Certificates.dll.gz"},"Patterns":null},"System.Security.Principal.Windows.dll.gz":{"Children":null,"Asset":{"ContentRootIndex":2,"SubPath":"_framework/System.Security.Principal.Windows.dll.gz"},"Patterns":null},"System.Security.Principal.dll.gz":{"Children":null,"Asset":{"ContentRootIndex":2,"SubPath":"_framework/System.Security.Principal.dll.gz"},"Patterns":null},"System.Security.SecureString.dll.gz":{"Children":null,"Asset":{"ContentRootIndex":2,"SubPath":"_framework/System.Security.SecureString.dll.gz"},"Patterns":null},"System.Security.dll.gz":{"Children":null,"Asset":{"ContentRootIndex":2,"SubPath":"_framework/System.Security.dll.gz"},"Patterns":null},"System.ServiceModel.Web.dll.gz":{"Children":null,"Asset":{"ContentRootIndex":2,"SubPath":"_framework/System.ServiceModel.Web.dll.gz"},"Patterns":null},"System.ServiceProcess.dll.gz":{"Children":null,"Asset":{"ContentRootIndex":2,"SubPath":"_framework/System.ServiceProcess.dll.gz"},"Patterns":null},"System.Text.Encoding.CodePages.dll.gz":{"Children":null,"Asset":{"ContentRootIndex":2,"SubPath":"_framework/System.Text.Encoding.CodePages.dll.gz"},"Patterns":null},"System.Text.Encoding.Extensions.dll.gz":{"Children":null,"Asset":{"ContentRootIndex":2,"SubPath":"_framework/System.Text.Encoding.Extensions.dll.gz"},"Patterns":null},"System.Text.Encoding.dll.gz":{"Children":null,"Asset":{"ContentRootIndex":2,"SubPath":"_framework/System.Text.Encoding.dll.gz"},"Patterns":null},"System.Text.Encodings.Web.dll.gz":{"Children":null,"Asset":{"ContentRootIndex":2,"SubPath":"_framework/System.Text.Encodings.Web.dll.gz"},"Patterns":null},"System.Text.Json.dll.gz":{"Children":null,"Asset":{"ContentRootIndex":2,"SubPath":"_framework/System.Text.Json.dll.gz"},"Patterns":null},"System.Text.RegularExpressions.dll.gz":{"Children":null,"Asset":{"ContentRootIndex":2,"SubPath":"_framework/System.Text.RegularExpressions.dll.gz"},"Patterns":null},"System.Threading.Channels.dll.gz":{"Children":null,"Asset":{"ContentRootIndex":2,"SubPath":"_framework/System.Threading.Channels.dll.gz"},"Patterns":null},"System.Threading.Overlapped.dll.gz":{"Children":null,"Asset":{"ContentRootIndex":2,"SubPath":"_framework/System.Threading.Overlapped.dll.gz"},"Patterns":null},"System.Threading.Tasks.Dataflow.dll.gz":{"Children":null,"Asset":{"ContentRootIndex":2,"SubPath":"_framework/System.Threading.Tasks.Dataflow.dll.gz"},"Patterns":null},"System.Threading.Tasks.Extensions.dll.gz":{"Children":null,"Asset":{"ContentRootIndex":2,"SubPath":"_framework/System.Threading.Tasks.Extensions.dll.gz"},"Patterns":null},"System.Threading.Tasks.Parallel.dll.gz":{"Children":null,"Asset":{"ContentRootIndex":2,"SubPath":"_framework/System.Threading.Tasks.Parallel.dll.gz"},"Patterns":null},"System.Threading.Tasks.dll.gz":{"Children":null,"Asset":{"ContentRootIndex":2,"SubPath":"_framework/System.Threading.Tasks.dll.gz"},"Patterns":null},"System.Threading.Thread.dll.gz":{"Children":null,"Asset":{"ContentRootIndex":2,"SubPath":"_framework/System.Threading.Thread.dll.gz"},"Patterns":null},"System.Threading.ThreadPool.dll.gz":{"Children":null,"Asset":{"ContentRootIndex":2,"SubPath":"_framework/System.Threading.ThreadPool.dll.gz"},"Patterns":null},"System.Threading.Timer.dll.gz":{"Children":null,"Asset":{"ContentRootIndex":2,"SubPath":"_framework/System.Threading.Timer.dll.gz"},"Patterns":null},"System.Threading.dll.gz":{"Children":null,"Asset":{"ContentRootIndex":2,"SubPath":"_framework/System.Threading.dll.gz"},"Patterns":null},"System.Transactions.Local.dll.gz":{"Children":null,"Asset":{"ContentRootIndex":2,"SubPath":"_framework/System.Transactions.Local.dll.gz"},"Patterns":null},"System.Transactions.dll.gz":{"Children":null,"Asset":{"ContentRootIndex":2,"SubPath":"_framework/System.Transactions.dll.gz"},"Patterns":null},"System.ValueTuple.dll.gz":{"Children":null,"Asset":{"ContentRootIndex":2,"SubPath":"_framework/System.ValueTuple.dll.gz"},"Patterns":null},"System.Web.HttpUtility.dll.gz":{"Children":null,"Asset":{"ContentRootIndex":2,"SubPath":"_framework/System.Web.HttpUtility.dll.gz"},"Patterns":null},"System.Web.dll.gz":{"Children":null,"Asset":{"ContentRootIndex":2,"SubPath":"_framework/System.Web.dll.gz"},"Patterns":null},"System.Windows.dll.gz":{"Children":null,"Asset":{"ContentRootIndex":2,"SubPath":"_framework/System.Windows.dll.gz"},"Patterns":null},"System.Xml.Linq.dll.gz":{"Children":null,"Asset":{"ContentRootIndex":2,"SubPath":"_framework/System.Xml.Linq.dll.gz"},"Patterns":null},"System.Xml.ReaderWriter.dll.gz":{"Children":null,"Asset":{"ContentRootIndex":2,"SubPath":"_framework/System.Xml.ReaderWriter.dll.gz"},"Patterns":null},"System.Xml.Serialization.dll.gz":{"Children":null,"Asset":{"ContentRootIndex":2,"SubPath":"_framework/System.Xml.Serialization.dll.gz"},"Patterns":null},"System.Xml.XDocument.dll.gz":{"Children":null,"Asset":{"ContentRootIndex":2,"SubPath":"_framework/System.Xml.XDocument.dll.gz"},"Patterns":null},"System.Xml.XPath.XDocument.dll.gz":{"Children":null,"Asset":{"ContentRootIndex":2,"SubPath":"_framework/System.Xml.XPath.XDocument.dll.gz"},"Patterns":null},"System.Xml.XPath.dll.gz":{"Children":null,"Asset":{"ContentRootIndex":2,"SubPath":"_framework/System.Xml.XPath.dll.gz"},"Patterns":null},"System.Xml.XmlDocument.dll.gz":{"Children":null,"Asset":{"ContentRootIndex":2,"SubPath":"_framework/System.Xml.XmlDocument.dll.gz"},"Patterns":null},"System.Xml.XmlSerializer.dll.gz":{"Children":null,"Asset":{"ContentRootIndex":2,"SubPath":"_framework/System.Xml.XmlSerializer.dll.gz"},"Patterns":null},"System.Xml.dll.gz":{"Children":null,"Asset":{"ContentRootIndex":2,"SubPath":"_framework/System.Xml.dll.gz"},"Patterns":null},"System.dll.gz":{"Children":null,"Asset":{"ContentRootIndex":2,"SubPath":"_framework/System.dll.gz"},"Patterns":null},"WindowsBase.dll.gz":{"Children":null,"Asset":{"ContentRootIndex":2,"SubPath":"_framework/WindowsBase.dll.gz"},"Patterns":null},"mscorlib.dll.gz":{"Children":null,"Asset":{"ContentRootIndex":2,"SubPath":"_framework/mscorlib.dll.gz"},"Patterns":null},"netstandard.dll.gz":{"Children":null,"Asset":{"ContentRootIndex":2,"SubPath":"_framework/netstandard.dll.gz"},"Patterns":null},"System.Private.CoreLib.dll.gz":{"Children":null,"Asset":{"ContentRootIndex":2,"SubPath":"_framework/System.Private.CoreLib.dll.gz"},"Patterns":null},"dotnet.6.0.20.q6j29g8m82.js.gz":{"Children":null,"Asset":{"ContentRootIndex":2,"SubPath":"_framework/dotnet.6.0.20.q6j29g8m82.js.gz"},"Patterns":null},"dotnet.timezones.blat.gz":{"Children":null,"Asset":{"ContentRootIndex":2,"SubPath":"_framework/dotnet.timezones.blat.gz"},"Patterns":null},"dotnet.wasm.gz":{"Children":null,"Asset":{"ContentRootIndex":2,"SubPath":"_framework/dotnet.wasm.gz"},"Patterns":null},"icudt.dat.gz":{"Children":null,"Asset":{"ContentRootIndex":2,"SubPath":"_framework/icudt.dat.gz"},"Patterns":null},"icudt_CJK.dat.gz":{"Children":null,"Asset":{"ContentRootIndex":2,"SubPath":"_framework/icudt_CJK.dat.gz"},"Patterns":null},"icudt_EFIGS.dat.gz":{"Children":null,"Asset":{"ContentRootIndex":2,"SubPath":"_framework/icudt_EFIGS.dat.gz"},"Patterns":null},"icudt_no_CJK.dat.gz":{"Children":null,"Asset":{"ContentRootIndex":2,"SubPath":"_framework/icudt_no_CJK.dat.gz"},"Patterns":null},"FakeUserDataGeneration.dll.gz":{"Children":null,"Asset":{"ContentRootIndex":2,"SubPath":"_framework/FakeUserDataGeneration.dll.gz"},"Patterns":null},"FakeUserDataGeneration.pdb.gz":{"Children":null,"Asset":{"ContentRootIndex":2,"SubPath":"_framework/FakeUserDataGeneration.pdb.gz"},"Patterns":null},"blazor.webassembly.js.gz":{"Children":null,"Asset":{"ContentRootIndex":2,"SubPath":"_framework/blazor.webassembly.js.gz"},"Patterns":null},"blazor.boot.json":{"Children":null,"Asset":{"ContentRootIndex":2,"SubPath":"_framework/blazor.boot.json"},"Patterns":null}},"Asset":null,"Patterns":null}},"Asset":null,"Patterns":[{"ContentRootIndex":0,"Pattern":"**","Depth":0}]}}